grade,seq,step_no,item,week,quarter,week_of,semester,domain,lesson,ccss,power_standards,status,enrichment,enrichment_grade,build_lesson,copied_from_grade,site_unit,site_step,orig_pacing_week,orig_pacing_block,teaching_note
K,1,1,step,1,Q1,2026-09-06,S1,CC,Count objects,K.CC.B.5,K.CC.B.6,on-grade,False,,False,,Place Value within 10,2,1,B1 · Place value (within 10),
K,2,2,step,1,Q1,2026-09-06,S1,CC,Count objects from a larger group,K.CC.B.5,K.CC.B.6,on-grade,False,,False,,Place Value within 10,3,1,B1 · Place value (within 10),
K,3,3,step,1,Q1,2026-09-06,S1,CC,Verbal counting patterns,K.CC.B.4,K.CC.B.4,on-grade,False,,False,,Place Value within 10,6,1,B1 · Place value (within 10),
K,4,4,step,1,Q1,2026-09-06,S1,CC,Represent objects,K.CC.A.3;K.CC.B.4,K.CC.B.4,on-grade,False,,False,,Place Value within 10,4,1,B1 · Place value (within 10),
K,5,5,step,2,Q1,2026-09-13,S1,CC,Recognise numbers as words,K.CC.A.3;2.NBT.A.3,,on-grade,False,,False,,Place Value within 10,5,2,B1 · Place value (within 10),
K,6,6,step,2,Q1,2026-09-13,S1,CC,Count on from any number,K.CC.A.2,,on-grade,False,,False,,Place Value within 10,7,2,B1 · Place value (within 10),
K,7,7,step,2,Q1,2026-09-13,S1,CC,1 more,K.CC.B.4,K.CC.B.4,on-grade,False,,False,,Place Value within 10,8,2,B1 · Place value (within 10),
K,8,8,step,3,Q1,2026-09-20,S1,CC,Count backwards within 10,K.CC.A.1,K.CC.A.1,on-grade,False,,False,,Place Value within 10,9,2,B1 · Place value (within 10),
K,9,9,step,3,Q1,2026-09-20,S1,CC,1 less,K.CC.B.4,K.CC.B.4,on-grade,False,,False,,Place Value within 10,10,3,B1 · Place value (within 10),
K,10,10,step,3,Q1,2026-09-20,S1,CC,Compare groups by matching,K.CC.C.6,,on-grade,False,,False,,Place Value within 10,11,3,B1 · Place value (within 10),
K,11,11,step,3,Q1,2026-09-20,S1,CC,"Fewer, more, same",K.CC.C.6,,on-grade,False,,False,,Place Value within 10,12,3,B1 · Place value (within 10),
K,12,12,step,4,Q1,2026-09-27,S1,CC,"Less than, greater than, equal to",K.CC.C.6;K.CC.C.7,K.CC.C.7,on-grade,False,,False,,Place Value within 10,13,3,B1 · Place value (within 10),
K,13,13,step,4,Q1,2026-09-27,S1,CC,Compare numbers,K.CC.C.7,K.CC.C.7,on-grade,False,,False,,Place Value within 10,14,4,B1 · Place value (within 10),
K,14,14,step,4,Q1,2026-09-27,S1,CC,Order objects and numbers,K.CC.C.6;K.CC.C.7,K.CC.C.7,on-grade,False,,False,,Place Value within 10,15,4,B1 · Place value (within 10),
K,15,15,step,5,Q1,2026-10-04,S1,CC,The number line,K.CC.A.2,,on-grade,False,,False,,Place Value within 10,16,4,B1 · Place value (within 10),
K,16,16,step,5,Q1,2026-10-04,S1,CC,Count within 20,K.CC.B.5,K.CC.B.6,on-grade,False,,False,,Place Value within 20,1,11,B4 · Place value (within 20),
K,17,17,step,5,Q1,2026-10-04,S1,CC,1 more and 1 less,K.CC.B.4,K.CC.B.4,on-grade,False,,False,,Place Value within 20,7,13,B4 · Place value (within 20),
K,18,18,step,6,Q1,2026-10-11,S1,CC,The number line to 20,K.CC.A.3,,on-grade,False,,False,,Place Value within 20,8,13,B4 · Place value (within 20),
K,19,19,step,6,Q1,2026-10-11,S1,CC,Use a number line to 20,K.CC.A.3,,on-grade,False,,False,,Place Value within 20,9,16,B4 · Place value (within 20),
K,20,20,step,6,Q1,2026-10-11,S1,CC,Estimate on a number line to 20,K.CC.A.3,,on-grade,False,,False,,Place Value within 20,10,16,B4 · Place value (within 20),
K,21,21,step,7,Q1,2026-10-18,S1,CC,Compare numbers to 20,K.CC.C.7;1.NBT.B.3,K.CC.C.7,on-grade,False,,False,,Place Value within 20,11,16,B4 · Place value (within 20),
K,22,22,step,7,Q1,2026-10-18,S1,CC,1 more and 1 less,K.CC.B.4,K.CC.B.4,on-grade,False,,False,,Place Value within 50,9,16,B4 · Place value (within 20),
K,23,23,step,7,Q1,2026-10-18,S1,CC,1 more and 1 less,K.CC.B.4,K.CC.B.4,on-grade,False,,False,,Place Value within 100,6,16,B4 · Place value (within 20),
K,24,24,step,7,Q1,2026-10-18,S1,CC,Order numbers to 20,K.CC.C.7;1.NBT.B.3,K.CC.C.7,on-grade,False,,False,,Place Value within 20,12,17,B5 · Addition and subtraction (within 20),
K,25,25,step,8,Q2,2026-11-01,S1,CC,Count from 20 to 50,K.CC.A.1;1.NBT.A.1,K.CC.A.1,on-grade,False,,False,,Place Value within 50,1,19,B6 · Place value (within 50),
K,26,26,step,8,Q2,2026-11-01,S1,CC,"20, 30, 40 and 50",K.CC.A.1;1.NBT.B.2,K.CC.A.1,on-grade,False,,False,,Place Value within 50,2,20,B6 · Place value (within 50),
K,27,27,step,8,Q2,2026-11-01,S1,CC,The number line to 50,K.CC.A.2;1.NBT.A.1,,on-grade,False,,False,,Place Value within 50,6,21,B6 · Place value (within 50),
K,28,28,step,9,Q2,2026-11-08,S1,CC,Estimate on a number line to 50,K.CC.A.2;1.NBT.A.1,,on-grade,False,,False,,Place Value within 50,7,21,B6 · Place value (within 50),
K,29,29,step,9,Q2,2026-11-08,S1,CC,"1 more, 1 less",K.CC.B.4,K.CC.B.4,on-grade,False,,False,,Place Value within 50,8,22,B7 · Length and height,
K,30,30,step,9,Q2,2026-11-08,S1,CC,"1 more, 1 less",K.CC.B.4,K.CC.B.4,on-grade,False,,False,,Place Value within 100,5,22,B7 · Length and height,
K,31,31,step,9,Q2,2026-11-08,S1,CC,Count in 10s,K.CC.A.1;2.NBT.A.2,K.CC.A.1,on-grade,False,,False,,Multiplication and Division,2,26,B9 · Multiplication and division,
K,32,32,step,10,Q2,2026-11-15,S1,CC,Count from 50 to 100,K.CC.A.1;1.NBT.A.1,K.CC.A.1,on-grade,False,,False,,Place Value within 100,1,33,B12 · Place value (within 100),
K,33,33,step,10,Q2,2026-11-15,S1,CC,Tens to 100,K.CC.A.1;1.NBT.B.2,K.CC.A.1,on-grade,False,,False,,Place Value within 100,2,33,B12 · Place value (within 100),
K,34,34,step,10,Q2,2026-11-15,S1,CC,The number line to 100,K.CC.A.2;1.NBT.A.1,,on-grade,False,,False,,Place Value within 100,4,34,B12 · Place value (within 100),
K,35,35,step,11,Q2,2026-11-22,S1,CC,Count in coins (US: dollars & cents),K.CC.A.1;2.MD.C.8,K.CC.A.1,on-grade,False,,False,,Money,4,36,B13 · Money,
K,36,,exam,11,Q2,2026-11-22,S1,CC,DOMAIN EXAM · Counting & Cardinality,,,EXAM,False,,False,,,,,,
K,37,36,step,11,Q2,2026-11-22,S1,OA,Introduce parts and wholes,K.OA.A.1,,on-grade,False,,False,,Addition and Subtraction within 10,1,5,B2 · Addition and subtraction (within 10),
K,38,37,step,11,Q2,2026-11-22,S1,OA,Part-whole model,K.OA.A.3,,on-grade,False,,False,,Addition and Subtraction within 10,2,5,B2 · Addition and subtraction (within 10),
K,39,38,step,12,Q2,2026-11-29,S1,OA,Write number sentences,K.OA.A.1,,on-grade,False,,False,,Addition and Subtraction within 10,3,5,B2 · Addition and subtraction (within 10),
K,40,39,step,12,Q2,2026-11-29,S1,OA,Subtraction - find a part,K.OA.A.1,,on-grade,False,,False,,Addition and Subtraction within 10,13,5,B2 · Addition and subtraction (within 10),
K,41,40,step,12,Q2,2026-11-29,S1,OA,Find a part,K.OA.A.3,,on-grade,False,,False,,Addition and Subtraction within 10,11,5,B2 · Addition and subtraction (within 10),
K,42,41,step,13,Q2,2026-12-06,S1,OA,Fact families - addition facts,K.OA.A.1;K.OA.A.3;1.OA.B.3,,on-grade,False,,False,,Addition and Subtraction within 10,4,5,B2 · Addition and subtraction (within 10),
K,43,42,step,13,Q2,2026-12-06,S1,OA,Number bonds within 10,K.OA.A.3,,on-grade,False,,False,,Addition and Subtraction within 10,5,6,B2 · Addition and subtraction (within 10),
K,44,43,step,13,Q2,2026-12-06,S1,OA,Systematic number bonds within 10,K.OA.A.3,,on-grade,False,,False,,Addition and Subtraction within 10,6,6,B2 · Addition and subtraction (within 10),
K,45,44,step,14,Q2,2026-12-13,S1,OA,Subtraction - take away cross out (How many left ),K.OA.A.1,,on-grade,False,,False,,Addition and Subtraction within 10,14,6,B2 · Addition and subtraction (within 10),
K,46,45,step,14,Q2,2026-12-13,S1,OA,Number bonds to 10,K.OA.A.4,,on-grade,False,,False,,Addition and Subtraction within 10,7,6,B2 · Addition and subtraction (within 10),
K,47,46,step,14,Q2,2026-12-13,S1,OA,Addition - add together,K.OA.A.1,,on-grade,False,,False,,Addition and Subtraction within 10,8,7,B2 · Addition and subtraction (within 10),
K,48,47,step,14,Q2,2026-12-13,S1,OA,Addition - add more,K.OA.A.2,,on-grade,False,,False,,Addition and Subtraction within 10,9,7,B2 · Addition and subtraction (within 10),
K,49,48,step,15,Q3,2027-01-03,S2,OA,Subtraction - take away (How many left ),K.OA.A.2,,on-grade,False,,False,,Addition and Subtraction within 10,15,7,B2 · Addition and subtraction (within 10),
K,50,49,step,15,Q3,2027-01-03,S2,OA,Addition problems,K.OA.A.2,,on-grade,False,,False,,Addition and Subtraction within 10,10,8,B2 · Addition and subtraction (within 10),
K,51,50,step,15,Q3,2027-01-03,S2,OA,Fact families - the eight facts,K.OA.A.1;1.OA.B.3;1.OA.B.4,,on-grade,False,,False,,Addition and Subtraction within 10,12,8,B2 · Addition and subtraction (within 10),
K,52,51,step,16,Q3,2027-01-10,S2,OA,Subtraction on a number line,K.OA.A.1,,on-grade,False,,False,,Addition and Subtraction within 10,16,9,B2 · Addition and subtraction (within 10),
K,53,52,step,16,Q3,2027-01-10,S2,OA,Add or subtract 1 or 2,K.OA.A.5,K.OA.A.5,on-grade,False,,False,,Addition and Subtraction within 10,17,9,B2 · Addition and subtraction (within 10),
K,54,53,step,16,Q3,2027-01-10,S2,OA,Add by counting on within 20,K.OA.A.1;1.OA.C.6,,on-grade,False,,False,,Addition and Subtraction within 20,1,17,B5 · Addition and subtraction (within 20),
K,55,54,step,16,Q3,2027-01-10,S2,OA,Add ones using number bonds,K.OA.A.1;1.OA.C.6,,on-grade,False,,False,,Addition and Subtraction within 20,2,17,B5 · Addition and subtraction (within 20),
K,56,55,step,17,Q3,2027-01-17,S2,OA,Find and make number bonds to 20,K.OA.A.1;1.OA.C.6,,on-grade,False,,False,,Addition and Subtraction within 20,3,17,B5 · Addition and subtraction (within 20),
K,57,56,step,17,Q3,2027-01-17,S2,OA,Doubles,K.OA.A.1;1.OA.C.6,,on-grade,False,,False,,Addition and Subtraction within 20,4,18,B5 · Addition and subtraction (within 20),
K,58,57,step,17,Q3,2027-01-17,S2,OA,Near doubles,K.OA.A.1;1.OA.C.6,,on-grade,False,,False,,Addition and Subtraction within 20,5,18,B5 · Addition and subtraction (within 20),
K,59,58,step,18,Q3,2027-01-24,S2,OA,Subtract ones using number bonds,K.OA.A.1;1.OA.C.6,,on-grade,False,,False,,Addition and Subtraction within 20,6,18,B5 · Addition and subtraction (within 20),
K,60,59,step,18,Q3,2027-01-24,S2,OA,Subtraction - counting back,K.OA.A.1;1.OA.C.5,,on-grade,False,,False,,Addition and Subtraction within 20,7,18,B5 · Addition and subtraction (within 20),
K,61,60,step,18,Q3,2027-01-24,S2,OA,Subtraction - finding the difference,K.OA.A.1;1.OA.C.5,,on-grade,False,,False,,Addition and Subtraction within 20,8,19,B6 · Place value (within 50),
K,62,61,step,18,Q3,2027-01-24,S2,OA,Related facts,K.OA.A.1;1.OA.B.4,,on-grade,False,,False,,Addition and Subtraction within 20,9,19,B6 · Place value (within 50),
K,63,62,step,19,Q3,2027-01-31,S2,OA,Missing number problems,K.OA.A.1;1.OA.D.8,,on-grade,False,,False,,Addition and Subtraction within 20,10,19,B6 · Place value (within 50),
K,64,63,step,19,Q3,2027-01-31,S2,OA,Recognise equal groups,K.OA.A.1;3.OA.A.1,,on-grade,False,,False,,Multiplication and Division,4,27,B9 · Multiplication and division,
K,65,64,step,19,Q3,2027-01-31,S2,OA,Add equal groups,K.OA.A.1;3.OA.A.1,,on-grade,False,,False,,Multiplication and Division,5,27,B9 · Multiplication and division,
K,66,65,step,20,Q3,2027-02-07,S2,OA,Make arrays,K.OA.A.1;2.OA.C.4,,on-grade,False,,False,,Multiplication and Division,6,27,B9 · Multiplication and division,
K,67,66,step,20,Q3,2027-02-07,S2,OA,Make doubles,K.OA.A.1;1.OA.C.6,,on-grade,False,,False,,Multiplication and Division,7,28,B9 · Multiplication and division,
K,68,,exam,20,Q3,2027-02-07,S2,OA,DOMAIN EXAM · Operations & Algebraic Thinking,,,EXAM,False,,False,,,,,,
K,69,67,step,21,Q3,2027-02-14,S2,NBT,Understand 10,K.NBT.A.1,K.NBT.A.1,on-grade,False,,False,,Place Value within 20,2,12,B4 · Place value (within 20),
K,70,68,step,21,Q3,2027-02-14,S2,NBT,"Understand 11, 12 and 13",K.NBT.A.1,K.NBT.A.1,on-grade,False,,False,,Place Value within 20,3,12,B4 · Place value (within 20),
K,71,69,step,21,Q3,2027-02-14,S2,NBT,"Understand 14, 15 and 16",K.NBT.A.1,K.NBT.A.1,on-grade,False,,False,,Place Value within 20,4,12,B4 · Place value (within 20),
K,72,70,step,21,Q3,2027-02-14,S2,NBT,"Understand 17, 18 and 19",K.NBT.A.1,K.NBT.A.1,on-grade,False,,False,,Place Value within 20,5,12,B4 · Place value (within 20),
K,73,71,step,22,Q3,2027-02-21,S2,NBT,Understand 20,K.CC.A.3;K.NBT.A.1,K.NBT.A.1,on-grade,False,,False,,Place Value within 20,6,13,B4 · Place value (within 20),
K,74,72,step,22,Q3,2027-02-21,S2,NBT,Count by making groups of tens,K.NBT.A.1;1.NBT.A.1,K.NBT.A.1,on-grade,False,,False,,Place Value within 50,3,20,B6 · Place value (within 50),
K,75,73,step,22,Q3,2027-02-21,S2,NBT,Groups of tens and ones,K.NBT.A.1;1.NBT.B.2,K.NBT.A.1,on-grade,False,,False,,Place Value within 50,4,20,B6 · Place value (within 50),
K,76,74,step,23,Q3,2027-02-28,S2,NBT,Partition into tens and ones,K.NBT.A.1;1.NBT.B.2,K.NBT.A.1,on-grade,False,,False,,Place Value within 50,5,20,B6 · Place value (within 50),
K,77,75,step,23,Q3,2027-02-28,S2,NBT,Partition into tens and ones,K.NBT.A.1;1.NBT.B.2,K.NBT.A.1,on-grade,False,,False,,Place Value within 100,3,21,B6 · Place value (within 50),
K,78,,exam,23,Q3,2027-02-28,S2,NBT,DOMAIN EXAM · Number & Operations in Base Ten,,,EXAM,False,,False,,,,,,
K,79,76,step,23,Q3,2027-02-28,S2,MD,Sort objects,K.MD.B.3,,on-grade,False,,False,,Place Value within 10,1,1,B1 · Place value (within 10),
K,80,77,step,24,Q3,2027-03-07,S2,MD,Compare lengths and heights,K.MD.A.1;K.MD.A.2;1.MD.A.1,K.MD.A.1,on-grade,False,,False,,Length and Height,1,22,B7 · Length and height,
K,81,78,step,25,Q3,2027-03-14,S2,MD,Measure length using objects,K.MD.A.1;1.MD.A.2,K.MD.A.1,on-grade,False,,False,,Length and Height,2,22,B7 · Length and height,
K,82,79,step,25,Q3,2027-03-14,S2,MD,Measure length in centimetres,K.MD.A.1;2.MD.A.1,K.MD.A.1,on-grade,False,,False,,Length and Height,3,23,B8 · Mass and volume,
K,83,80,step,25,Q3,2027-03-14,S2,MD,Heavier and lighter,K.MD.A.2,,on-grade,False,,False,,Mass and Volume,2,23,B8 · Mass and volume,
K,84,81,step,26,Q3,2027-03-21,S2,MD,Measure mass,K.MD.A.1;K.MD.A.2,K.MD.A.1,on-grade,False,,False,,Mass and Volume,3,23,B8 · Mass and volume,
K,85,82,step,26,Q3,2027-03-21,S2,MD,Compare mass,K.MD.A.2,,on-grade,False,,False,,Mass and Volume,4,24,B8 · Mass and volume,
K,86,83,step,26,Q3,2027-03-21,S2,MD,Full and empty,K.MD.A.1,K.MD.A.1,on-grade,False,,False,,Mass and Volume,5,24,B8 · Mass and volume,
K,87,84,step,27,Q3,2027-03-28,S2,MD,Compare volume,K.MD.A.2,,on-grade,False,,False,,Mass and Volume,6,24,B8 · Mass and volume,
K,88,85,step,27,Q3,2027-03-28,S2,MD,Measure capacity,K.MD.A.1;K.MD.A.2,K.MD.A.1,on-grade,False,,False,,Mass and Volume,8,25,B8 · Mass and volume,
K,89,86,step,28,Q4,2027-04-04,S2,MD,Compare capacity,K.MD.A.2,,on-grade,False,,False,,Mass and Volume,9,25,B8 · Mass and volume,
K,90,87,step,28,Q4,2027-04-04,S2,MD,Days of the week,,,no CCSS code (kept with neighbour),False,,False,,Time,2,37,B14 · Time,
K,91,88,step,28,Q4,2027-04-04,S2,MD,Months of the year,,,no CCSS code (kept with neighbour),False,,False,,Time,3,37,B14 · Time,
K,92,,exam,28,Q4,2027-04-04,S2,MD,DOMAIN EXAM · Measurement & Data,,,EXAM,False,,False,,,,,,
K,93,89,step,29,Q4,2027-04-11,S2,G,Build and draw shapes,K.G.B.5,,BUILD,False,,True,,CCSS BUILD (from pacing guide),1,11,B4 · Place value (within 20),CCSS BUILD lesson: still to be written.
K,94,90,step,29,Q4,2027-04-11,S2,G,Compose shapes from smaller shapes,K.G.B.6,,BUILD,False,,True,,CCSS BUILD (from pacing guide),2,11,B4 · Place value (within 20),CCSS BUILD lesson: still to be written.
K,95,91,step,29,Q4,2027-04-11,S2,G,Describe turns,K.G.A.1,K.G.A.1,on-grade,False,,False,,Position and Direction,1,31,B11 · Position and direction,
K,96,92,step,30,Q4,2027-04-18,S2,G,Describe position - left and right,K.G.A.1,K.G.A.1,on-grade,False,,False,,Position and Direction,5,31,B11 · Position and direction,
K,97,93,step,30,Q4,2027-04-18,S2,G,Describe position - forwards and backwards,K.G.A.1,K.G.A.1,on-grade,False,,False,,Position and Direction,2,31,B11 · Position and direction,
K,98,94,step,30,Q4,2027-04-18,S2,G,Describe position - above and below,K.G.A.1,K.G.A.1,on-grade,False,,False,,Position and Direction,3,32,B11 · Position and direction,
K,99,95,step,31,Q4,2027-04-25,S2,G,Ordinal numbers,,,no CCSS code (kept with neighbour),False,,False,,Position and Direction,4,33,B12 · Place value (within 100),
K,100,96,step,31,Q4,2027-04-25,S2,G,Recognise and name 3D shapes,K.G.A.2;K.G.A.3,,on-grade,False,,False,,Shape,1,39,B14 · Time,
K,101,97,step,31,Q4,2027-04-25,S2,G,Sort 3D shapes,K.G.A.2;K.G.B.4,,on-grade,False,,False,,Shape,2,39,B14 · Time,
K,102,98,step,31,Q4,2027-04-25,S2,G,Recognise and name 2D shapes,K.G.A.2;K.G.A.3,,on-grade,False,,False,,Shape,3,39,B14 · Time,
K,103,99,step,32,Q4,2027-05-02,S2,G,Sort 2D shapes,K.G.A.2;K.G.B.4,,on-grade,False,,False,,Shape,4,39,B14 · Time,
K,104,100,step,32,Q4,2027-05-02,S2,G,Patterns with 2D and 3D shapes,K.G.A.2,,on-grade,False,,False,,Shape,5,39,B14 · Time,
K,105,,exam,32,Q4,2027-05-02,S2,G,DOMAIN EXAM · Geometry,,,EXAM,False,,False,,,,,,
K,106,,map_window,33,Q4,2027-05-09,S2,,MAP GROWTH WINDOW (spring) · all grade-level domains taught and examined · ENRICHMENT LESSONS FOLLOW,,,MAP,False,,False,,,,,,
K,107,101,step,33,Q4,2027-05-09,S2,OA,Count in 2s,2.OA.C.3,,ENRICHMENT · above grade level (Grade 2 standard),True,2,False,,Multiplication and Division,1,26,B9 · Multiplication and division,
K,108,102,step,33,Q4,2027-05-09,S2,OA,Make equal groups - grouping,3.OA.A.2,,ENRICHMENT · above grade level (Grade 3 standard),True,3,False,,Multiplication and Division,8,28,B9 · Multiplication and division,
K,109,103,step,33,Q4,2027-05-09,S2,OA,Make equal groups - sharing,3.OA.A.2,,ENRICHMENT · above grade level (Grade 3 standard),True,3,False,,Multiplication and Division,9,28,B9 · Multiplication and division,
K,110,104,step,34,Q4,2027-05-23,S2,NBT,Count in 5s,2.NBT.A.2,,ENRICHMENT · above grade level (Grade 2 standard),True,2,False,,Multiplication and Division,3,27,B9 · Multiplication and division,
K,111,105,step,34,Q4,2027-05-23,S2,NBT,Compare numbers with the same number of tens,1.NBT.B.2;1.NBT.B.3,,ENRICHMENT · above grade level (Grade 1 standard),True,1,False,,Place Value within 100,7,35,B13 · Money,
K,112,106,step,34,Q4,2027-05-23,S2,NBT,Compare any two numbers,1.NBT.B.3,,ENRICHMENT · above grade level (Grade 1 standard),True,1,False,,Place Value within 100,8,35,B13 · Money,
K,113,107,step,34,Q4,2027-05-23,S2,MD,Unitising,2.MD.C.8,,ENRICHMENT · above grade level (Grade 2 standard),True,2,False,,Money,1,35,B13 · Money,
K,114,108,step,35,Q4,2027-05-30,S2,MD,Recognise coins (US: dollars & cents),2.MD.C.8,,ENRICHMENT · above grade level (Grade 2 standard),True,2,False,,Money,2,36,B13 · Money,
K,115,109,step,35,Q4,2027-05-30,S2,MD,Recognise notes (US: dollars & cents),2.MD.C.8,,ENRICHMENT · above grade level (Grade 2 standard),True,2,False,,Money,3,36,B13 · Money,
K,116,110,step,35,Q4,2027-05-30,S2,MD,Before and after,1.MD.B.3,,ENRICHMENT · above grade level (Grade 1 standard),True,1,False,,Time,1,37,B14 · Time,
K,117,111,step,36,Q4,2027-06-06,S2,MD,"Hours, minutes and seconds",1.MD.B.3,,ENRICHMENT · above grade level (Grade 1 standard),True,1,False,,Time,4,39,B14 · Time,
K,118,112,step,36,Q4,2027-06-06,S2,MD,Tell the time to the hour,1.MD.B.3,,ENRICHMENT · above grade level (Grade 1 standard),True,1,False,,Time,5,39,B14 · Time,
K,119,113,step,36,Q4,2027-06-06,S2,MD,Tell the time to the half hour,1.MD.B.3,,ENRICHMENT · above grade level (Grade 1 standard),True,1,False,,Time,6,39,B14 · Time,
K,120,114,step,36,Q4,2027-06-06,S2,G,Recognise a half of an object or a shape,1.G.A.3,,ENRICHMENT · above grade level (Grade 1 standard),True,1,False,,Fractions,1,29,B10 · Fractions,
K,121,115,step,37,Q4,2027-06-13,S2,G,Find a half of an object or a shape,1.G.A.3,,ENRICHMENT · above grade level (Grade 1 standard),True,1,False,,Fractions,2,29,B10 · Fractions,
K,122,116,step,37,Q4,2027-06-13,S2,G,Recognise a half of a quantity,1.G.A.3,,ENRICHMENT · above grade level (Grade 1 standard),True,1,False,,Fractions,3,29,B10 · Fractions,
K,123,117,step,37,Q4,2027-06-13,S2,G,Recognise a quarter of an object or a shape,1.G.A.3,,ENRICHMENT · above grade level (Grade 1 standard),True,1,False,,Fractions,5,29,B10 · Fractions,
K,124,118,step,38,Q4,2027-06-20,S2,G,Find a half of a quantity,1.G.A.3,,ENRICHMENT · above grade level (Grade 1 standard),True,1,False,,Fractions,4,30,B10 · Fractions,
K,125,119,step,38,Q4,2027-06-20,S2,G,Find a quarter of an object or a shape,1.G.A.3,,ENRICHMENT · above grade level (Grade 1 standard),True,1,False,,Fractions,6,30,B10 · Fractions,
K,126,120,step,38,Q4,2027-06-20,S2,G,Recognise a quarter of a quantity,1.G.A.3,,ENRICHMENT · above grade level (Grade 1 standard),True,1,False,,Fractions,7,31,B11 · Position and direction,
K,127,121,step,38,Q4,2027-06-20,S2,G,Find a quarter of a quantity,1.G.A.3,,ENRICHMENT · above grade level (Grade 1 standard),True,1,False,,Fractions,8,31,B11 · Position and direction,
G1,1,1,step,1,Q1,2026-09-06,S1,NBT,Numbers to 20,1.NBT.B.2,,on-grade,False,,False,,Place Value,1,1,B1 · Place value,
G1,2,2,step,1,Q1,2026-09-06,S1,NBT,Count objects to 100 by making 10s,1.NBT.A.1;1.NBT.B.2,,on-grade,False,,False,,Place Value,8,1,B1 · Place value,
G1,3,3,step,1,Q1,2026-09-06,S1,NBT,Recognise tens and ones,1.NBT.B.2,,on-grade,False,,False,,Place Value,2,1,B1 · Place value,
G1,4,4,step,1,Q1,2026-09-06,S1,NBT,Use a place value chart,1.NBT.B.2,,on-grade,False,,False,,Place Value,3,2,B1 · Place value,
G1,5,5,step,2,Q1,2026-09-13,S1,NBT,Partition numbers to 100,1.NBT.B.2,,on-grade,False,,False,,Place Value,4,2,B1 · Place value,
G1,6,6,step,2,Q1,2026-09-13,S1,NBT,Write numbers to 100 in words,1.NBT.A.1;2.NBT.A.3,,on-grade,False,,False,,Place Value,5,2,B1 · Place value,
G1,7,7,step,2,Q1,2026-09-13,S1,NBT,Flexibly partition numbers to 100,1.NBT.B.2,,on-grade,False,,False,,Place Value,6,2,B1 · Place value,
G1,8,8,step,2,Q1,2026-09-13,S1,NBT,Write numbers to 100 in expanded form,1.NBT.B.2;2.NBT.A.3,,on-grade,False,,False,,Place Value,7,2,B1 · Place value,
G1,9,9,step,3,Q1,2026-09-20,S1,NBT,10s on the number line to 100,1.NBT.A.1;2.MD.B.6,,on-grade,False,,False,,Place Value,9,3,B1 · Place value,
G1,10,10,step,3,Q1,2026-09-20,S1,NBT,10s and 1s on the number line to 100,1.NBT.A.1;2.MD.B.6,,on-grade,False,,False,,Place Value,10,3,B1 · Place value,
G1,11,11,step,3,Q1,2026-09-20,S1,NBT,Estimate numbers on a number line,1.NBT.A.1;2.MD.B.6,,on-grade,False,,False,,Place Value,11,3,B1 · Place value,
G1,12,12,step,3,Q1,2026-09-20,S1,NBT,Compare objects,1.NBT.B.3,1.NBT.B.3,on-grade,False,,False,,Place Value,12,3,B1 · Place value,
G1,13,13,step,4,Q1,2026-09-27,S1,NBT,Compare numbers,1.NBT.B.3,1.NBT.B.3,on-grade,False,,False,,Place Value,14,3,B1 · Place value,
G1,14,14,step,4,Q1,2026-09-27,S1,NBT,Order objects and numbers,1.NBT.B.3,1.NBT.B.3,on-grade,False,,False,,Place Value,15,4,B1 · Place value,
G1,15,15,step,4,Q1,2026-09-27,S1,NBT,"Count in 2s, 5s and 10s",1.NBT.A.1;2.NBT.A.2,,on-grade,False,,False,,Place Value,17,4,B1 · Place value,
G1,16,16,step,5,Q1,2026-10-04,S1,NBT,Count in 3s,1.NBT.A.1,,on-grade,False,,False,,Place Value,16,4,B1 · Place value,
G1,17,17,step,5,Q1,2026-10-04,S1,NBT,Count on to 120,1.NBT.A.1,,BUILD,False,,True,,CCSS BUILD (from pacing guide),1,5,B2 · Addition and subtraction,CCSS BUILD lesson: still to be written.
G1,18,18,step,5,Q1,2026-10-04,S1,NBT,Bonds to 100 (tens),1.NBT.B.2;1.NBT.C.4;K.OA.A.4,1.NBT.C.4,on-grade,False,,False,,Addition and Subtraction,2,6,B2 · Addition and subtraction,
G1,19,19,step,6,Q1,2026-10-11,S1,NBT,Add two 2-digit numbers (not across a 10),1.NBT.C.4,1.NBT.C.4,on-grade,False,,False,,Addition and Subtraction,15,6,B2 · Addition and subtraction,
G1,20,20,step,6,Q1,2026-10-11,S1,NBT,Subtract two 2-digit numbers (across a 10),1.NBT.C.6;2.NBT.B.5,,on-grade,False,,False,,Addition and Subtraction,18,6,B2 · Addition and subtraction,
G1,21,21,step,6,Q1,2026-10-11,S1,NBT,Add to the next 10,1.NBT.C.4;1.OA.C.6,1.NBT.C.4;1.OA.C.6,on-grade,False,,False,,Addition and Subtraction,8,7,B2 · Addition and subtraction,"Also uses OA, which is now taught later (from W09)."
G1,22,22,step,6,Q1,2026-10-11,S1,NBT,Subtract two 2-digit numbers (not across a 10),1.NBT.C.6;2.NBT.B.5,,on-grade,False,,False,,Addition and Subtraction,17,7,B2 · Addition and subtraction,
G1,23,23,step,7,Q1,2026-10-18,S1,NBT,Add across a 10,1.NBT.C.4;1.OA.C.6,1.NBT.C.4;1.OA.C.6,on-grade,False,,False,,Addition and Subtraction,9,7,B2 · Addition and subtraction,"Also uses OA, which is now taught later (from W09)."
G1,24,24,step,7,Q1,2026-10-18,S1,NBT,"10 more, 10 less",1.NBT.C.5,1.NBT.C.5,on-grade,False,,False,,Addition and Subtraction,13,8,B2 · Addition and subtraction,
G1,25,25,step,7,Q1,2026-10-18,S1,NBT,Add and subtract 10s,1.NBT.C.4;1.NBT.C.6,1.NBT.C.4,on-grade,False,,False,,Addition and Subtraction,14,8,B2 · Addition and subtraction,
G1,26,26,step,7,Q1,2026-10-18,S1,NBT,Add two 2-digit numbers (across a 10),1.NBT.C.4,1.NBT.C.4,on-grade,False,,False,,Addition and Subtraction,16,9,B2 · Addition and subtraction,
G1,27,27,step,8,Q2,2026-11-01,S1,NBT,Mixed addition and subtraction,1.NBT.C.4;1.OA.A.1,1.NBT.C.4;1.OA.A.1,on-grade,False,,False,,Addition and Subtraction,20,10,B2 · Addition and subtraction,"Also uses OA, which is now taught later (from W09)."
G1,28,28,step,8,Q2,2026-11-01,S1,NBT,Compare amounts of money,1.NBT.B.3;2.MD.C.8,1.NBT.B.3,on-grade,False,,False,,Money,10,17,B4 · Money,
G1,29,29,step,8,Q2,2026-11-01,S1,NBT,Find the total (US: dollars & cents),1.NBT.C.4;2.MD.C.8,1.NBT.C.4,on-grade,False,,False,,Money,11,17,B4 · Money,
G1,30,,exam,9,Q2,2026-11-08,S1,NBT,DOMAIN EXAM · Number & Operations in Base Ten,,,EXAM,False,,False,,,,,,
G1,31,30,step,9,Q2,2026-11-08,S1,OA,Bonds to 10,1.OA.C.6;K.OA.A.4,1.OA.C.6,on-grade,False,,False,,Addition and Subtraction,1,5,B2 · Addition and subtraction,
G1,32,31,step,9,Q2,2026-11-08,S1,OA,Fact families - addition and subtraction bonds within 20,1.OA.B.3;1.OA.B.4;1.OA.C.6,1.OA.C.6,on-grade,False,,False,,Addition and Subtraction,3,5,B2 · Addition and subtraction,
G1,33,32,step,9,Q2,2026-11-08,S1,OA,Subtract a 1-digit number from a 2-digit number (across a 10),1.OA.C.6;2.NBT.B.5,1.OA.C.6,on-grade,False,,False,,Addition and Subtraction,12,5,B2 · Addition and subtraction,
G1,34,33,step,10,Q2,2026-11-15,S1,OA,Related facts,1.OA.B.3;1.OA.B.4,,on-grade,False,,False,,Addition and Subtraction,4,6,B2 · Addition and subtraction,
G1,35,34,step,10,Q2,2026-11-15,S1,OA,Add and subtract 1s,1.OA.C.5;1.OA.C.6,1.OA.C.6,on-grade,False,,False,,Addition and Subtraction,5,6,B2 · Addition and subtraction,
G1,36,35,step,10,Q2,2026-11-15,S1,OA,Add by making 10,1.OA.B.3;1.OA.C.6,1.OA.C.6,on-grade,False,,False,,Addition and Subtraction,6,6,B2 · Addition and subtraction,
G1,37,36,step,10,Q2,2026-11-15,S1,OA,Add three 1-digit numbers,1.OA.A.2,,on-grade,False,,False,,Addition and Subtraction,7,7,B2 · Addition and subtraction,
G1,38,37,step,11,Q2,2026-11-22,S1,OA,Subtract across 10,1.OA.C.6,1.OA.C.6,on-grade,False,,False,,Addition and Subtraction,10,7,B2 · Addition and subtraction,
G1,39,38,step,11,Q2,2026-11-22,S1,OA,Subtract from a 10,1.OA.C.6;2.NBT.B.5,1.OA.C.6,on-grade,False,,False,,Addition and Subtraction,11,8,B2 · Addition and subtraction,
G1,40,39,step,11,Q2,2026-11-22,S1,OA,Compare number sentences,1.OA.D.7,,on-grade,False,,False,,Addition and Subtraction,21,10,B2 · Addition and subtraction,
G1,41,40,step,11,Q2,2026-11-22,S1,OA,Missing number problems,1.OA.D.8,,on-grade,False,,False,,Addition and Subtraction,22,11,B3 · Shape,
G1,42,41,step,12,Q2,2026-11-29,S1,OA,Find change (US: dollars & cents),1.OA.A.1;2.MD.C.8,1.OA.A.1,on-grade,False,,False,,Money,13,19,B5 · Multiplication and division,
G1,43,42,step,12,Q2,2026-11-29,S1,OA,Find the difference (US: dollars & cents),1.OA.A.1;2.MD.C.8,1.OA.A.1,on-grade,False,,False,,Money,12,19,B5 · Multiplication and division,
G1,44,,exam,12,Q2,2026-11-29,S1,OA,DOMAIN EXAM · Operations & Algebraic Thinking,,,EXAM,False,,False,,,,,,
G1,45,43,step,13,Q2,2026-12-06,S1,G,Count sides on 2D shapes,1.G.A.1,1.G.A.1,on-grade,False,,False,,Shape,1,12,B3 · Shape,
G1,46,44,step,13,Q2,2026-12-06,S1,G,Count vertices on 2D shapes,1.G.A.1,1.G.A.1,on-grade,False,,False,,Shape,2,12,B3 · Shape,
G1,47,45,step,13,Q2,2026-12-06,S1,G,Lines of symmetry on shapes,1.G.A.1;4.G.A.3,1.G.A.1,on-grade,False,,False,,Shape,11,12,B3 · Shape,
G1,48,46,step,13,Q2,2026-12-06,S1,G,Draw 2D shapes,1.G.A.1;2.G.A.1;K.G.B.5,1.G.A.1,on-grade,False,,False,,Shape,3,12,B3 · Shape,
G1,49,47,step,14,Q2,2026-12-13,S1,G,Sort 2D shapes,1.G.A.1;K.G.B.4,1.G.A.1,on-grade,False,,False,,Shape,4,12,B3 · Shape,
G1,50,48,step,14,Q2,2026-12-13,S1,G,Count faces on 3D shapes,1.G.A.1;2.G.A.1,1.G.A.1,on-grade,False,,False,,Shape,5,12,B3 · Shape,
G1,51,49,step,14,Q2,2026-12-13,S1,G,Count edges on 3D shapes,1.G.A.1;2.G.A.1,1.G.A.1,on-grade,False,,False,,Shape,6,12,B3 · Shape,
G1,52,50,step,14,Q2,2026-12-13,S1,G,Count vertices on 3D shapes,1.G.A.1;2.G.A.1,1.G.A.1,on-grade,False,,False,,Shape,7,12,B3 · Shape,
G1,53,51,step,15,Q3,2027-01-03,S2,G,Sort 3D shapes,1.G.A.1;K.G.B.4,1.G.A.1,on-grade,False,,False,,Shape,8,12,B3 · Shape,
G1,54,52,step,15,Q3,2027-01-03,S2,G,Make patterns with 2D and 3D shapes,K.G.A.2,,review of earlier grade,False,,False,,Shape,9,12,B3 · Shape,
G1,55,53,step,15,Q3,2027-01-03,S2,G,Recognise 2D and 3D shapes,1.G.A.1,1.G.A.1,on-grade,False,,False,,Shape,10,12,B3 · Shape,
G1,56,54,step,16,Q3,2027-01-10,S2,G,Use lines of symmetry to complete shapes,1.G.A.1;4.G.A.3,1.G.A.1,on-grade,False,,False,,Shape,12,12,B3 · Shape,
G1,57,55,step,16,Q3,2027-01-10,S2,G,Compose and recompose shapes,1.G.A.2,1.G.A.2,BUILD,False,,True,,CCSS BUILD (from pacing guide),2,17,B4 · Money,CCSS BUILD lesson: still to be written.
G1,58,56,step,16,Q3,2027-01-10,S2,G,Introduction to parts and whole,1.G.A.3,1.G.A.3,on-grade,False,,False,,Fractions,1,30,B8 · Fractions,
G1,59,57,step,16,Q3,2027-01-10,S2,G,Equal and unequal parts,1.G.A.3,1.G.A.3,on-grade,False,,False,,Fractions,2,30,B8 · Fractions,
G1,60,58,step,17,Q3,2027-01-17,S2,G,Recognise a half,1.G.A.3,1.G.A.3,on-grade,False,,False,,Fractions,3,30,B8 · Fractions,
G1,61,59,step,17,Q3,2027-01-17,S2,G,Find a half,1.G.A.3,1.G.A.3,on-grade,False,,False,,Fractions,4,30,B8 · Fractions,
G1,62,60,step,17,Q3,2027-01-17,S2,G,Recognise the equivalence of a half and two quarters,1.G.A.3;3.NF.A.3.B,1.G.A.3,on-grade,False,,False,,Fractions,12,30,B8 · Fractions,
G1,63,61,step,17,Q3,2027-01-17,S2,G,Recognise three quarters,1.G.A.3,1.G.A.3,on-grade,False,,False,,Fractions,13,30,B8 · Fractions,
G1,64,62,step,18,Q3,2027-01-24,S2,G,Recognise a quarter,1.G.A.3,1.G.A.3,on-grade,False,,False,,Fractions,5,31,B8 · Fractions,
G1,65,63,step,18,Q3,2027-01-24,S2,G,Find a quarter,1.G.A.3,1.G.A.3,on-grade,False,,False,,Fractions,6,31,B8 · Fractions,
G1,66,64,step,18,Q3,2027-01-24,S2,G,Find the whole,1.G.A.3,1.G.A.3,on-grade,False,,False,,Fractions,9,32,B8 · Fractions,
G1,67,65,step,18,Q3,2027-01-24,S2,G,Unit fractions,1.G.A.3;3.NF.A.1,1.G.A.3,on-grade,False,,False,,Fractions,10,32,B8 · Fractions,
G1,68,66,step,19,Q3,2027-01-31,S2,G,Language of position,K.G.A.1,,review of earlier grade,False,,False,,Position and Direction,4,37,B11 · Position and direction,
G1,69,67,step,19,Q3,2027-01-31,S2,G,Describe movement,K.G.A.1,,review of earlier grade,False,,False,,Position and Direction,1,37,B11 · Position and direction,
G1,70,68,step,19,Q3,2027-01-31,S2,G,Describe movement and turns,K.G.A.1,,review of earlier grade,False,,False,,Position and Direction,3,38,B11 · Position and direction,
G1,71,69,step,20,Q3,2027-02-07,S2,G,Describe turns,K.G.A.1,,review of earlier grade,False,,False,,Position and Direction,2,38,B11 · Position and direction,
G1,72,70,step,20,Q3,2027-02-07,S2,G,Shape patterns with turns,1.G.A.1,1.G.A.1,on-grade,False,,False,,Position and Direction,5,39,B11 · Position and direction,
G1,73,,exam,20,Q3,2027-02-07,S2,G,DOMAIN EXAM · Geometry,,,EXAM,False,,False,,,,,,
G1,74,71,step,20,Q3,2027-02-07,S2,MD,Tables,1.MD.C.4,,on-grade,False,,False,,Statistics,2,25,B5 · Multiplication and division,
G1,75,72,step,21,Q3,2027-02-14,S2,MD,Measure length using objects,K.MD.A.1;1.MD.A.2,1.MD.A.2,COPIED IN,False,,False,K,Length and Height,2,22,,Copied from the Kindergarten (WRM Year 1) guide so this standard is taught in its own grade. Slides and worksheet live in that grade's lesson folder.
G1,76,73,step,21,Q3,2027-02-14,S2,MD,Measure in centimetres,1.MD.A.2;2.MD.A.1,1.MD.A.2,on-grade,False,,False,,Length and Height,1,26,B6 · Length and height,
G1,77,74,step,21,Q3,2027-02-14,S2,MD,Measure in metres,1.MD.A.2;2.MD.A.1,1.MD.A.2,on-grade,False,,False,,Length and Height,2,26,B6 · Length and height,
G1,78,75,step,22,Q3,2027-02-21,S2,MD,Compare lengths and heights,1.MD.A.1;2.MD.A.4,1.MD.A.1,on-grade,False,,False,,Length and Height,3,26,B6 · Length and height,
G1,79,76,step,22,Q3,2027-02-21,S2,MD,Order lengths and heights,1.MD.A.1;2.MD.A.4,1.MD.A.1,on-grade,False,,False,,Length and Height,4,26,B6 · Length and height,
G1,80,77,step,22,Q3,2027-02-21,S2,MD,Temperature,,,no CCSS code (kept with neighbour),False,,False,,"Mass, Capacity and Temperature",9,26,B6 · Length and height,
G1,81,78,step,22,Q3,2027-02-21,S2,MD,Compare mass,K.MD.A.2,,review of earlier grade,False,,False,,"Mass, Capacity and Temperature",1,27,"B7 · Mass, capacity and temperature",
G1,82,79,step,23,Q3,2027-02-28,S2,MD,Compare volume and capacity,K.MD.A.2;3.MD.A.2,,review of earlier grade,False,,False,,"Mass, Capacity and Temperature",5,28,"B7 · Mass, capacity and temperature",
G1,83,80,step,23,Q3,2027-02-28,S2,MD,O'clock and half past,1.MD.B.3,1.MD.B.3,on-grade,False,,False,,Time,1,34,B9 · Time,"Uses 'half', which is now taught later in the Geometry run; introduce half informally on a clock face."
G1,84,81,step,23,Q3,2027-02-28,S2,MD,Hours in a day,1.MD.B.3,1.MD.B.3,on-grade,False,,False,,Time,7,34,B9 · Time,
G1,85,82,step,23,Q3,2027-02-28,S2,MD,Minutes in an hour,1.MD.B.3;4.MD.A.1,1.MD.B.3,on-grade,False,,False,,Time,6,35,B10 · Statistics,
G1,86,83,step,24,Q3,2027-03-07,S2,MD,Make tally charts,1.MD.C.4,,on-grade,False,,False,,Statistics,1,35,B10 · Statistics,
G1,87,84,step,25,Q3,2027-03-14,S2,MD,Block diagrams,1.MD.C.4;2.MD.D.10,,on-grade,False,,False,,Statistics,7,36,B10 · Statistics,
G1,88,85,step,25,Q3,2027-03-14,S2,MD,Draw pictograms (1-1),1.MD.C.4;2.MD.D.10,,on-grade,False,,False,,Statistics,3,36,B10 · Statistics,
G1,89,86,step,25,Q3,2027-03-14,S2,MD,Interpret pictograms (1-1),1.MD.C.4;2.MD.D.10,,on-grade,False,,False,,Statistics,4,36,B10 · Statistics,
G1,90,,exam,26,Q3,2027-03-21,S2,MD,DOMAIN EXAM · Measurement & Data,,,EXAM,False,,False,,,,,,
G1,91,,map_window,26,Q3,2027-03-21,S2,,MAP GROWTH WINDOW (spring) · all grade-level domains taught and examined · ENRICHMENT LESSONS FOLLOW,,,MAP,False,,False,,,,,,
G1,92,87,step,26,Q3,2027-03-21,S2,NBT,The 10 times-table,2.NBT.A.2;3.OA.C.7,,ENRICHMENT · above grade level (Grade 2 standard),True,2,False,,Multiplication and Division,11,23,B5 · Multiplication and division,
G1,93,88,step,26,Q3,2027-03-21,S2,NBT,The 5 times-table,2.NBT.A.2;3.OA.C.7,,ENRICHMENT · above grade level (Grade 2 standard),True,2,False,,Multiplication and Division,10,24,B5 · Multiplication and division,
G1,94,89,step,27,Q3,2027-03-28,S2,NBT,The 5 and 10 times-tables,2.NBT.A.2;3.OA.C.7,,ENRICHMENT · above grade level (Grade 2 standard),True,2,False,,Multiplication and Division,19,25,B5 · Multiplication and division,
G1,95,90,step,27,Q3,2027-03-28,S2,OA,Recognise equal groups,3.OA.A.1,,ENRICHMENT · above grade level (Grade 3 standard),True,3,False,,Multiplication and Division,1,19,B5 · Multiplication and division,
G1,96,91,step,28,Q4,2027-04-04,S2,OA,Make equal groups,3.OA.A.1,,ENRICHMENT · above grade level (Grade 3 standard),True,3,False,,Multiplication and Division,2,19,B5 · Multiplication and division,
G1,97,92,step,28,Q4,2027-04-04,S2,OA,Add equal groups,2.OA.C.4;3.OA.A.1,,ENRICHMENT · above grade level (Grade 2 standard),True,2,False,,Multiplication and Division,3,20,B5 · Multiplication and division,
G1,98,93,step,28,Q4,2027-04-04,S2,OA,Introduce the multiplication symbol,3.OA.A.1,,ENRICHMENT · above grade level (Grade 3 standard),True,3,False,,Multiplication and Division,4,20,B5 · Multiplication and division,
G1,99,94,step,28,Q4,2027-04-04,S2,OA,Multiplication sentences,3.OA.A.1,,ENRICHMENT · above grade level (Grade 3 standard),True,3,False,,Multiplication and Division,5,20,B5 · Multiplication and division,
G1,100,95,step,29,Q4,2027-04-11,S2,OA,Use arrays,2.OA.C.4;3.OA.A.1,,ENRICHMENT · above grade level (Grade 2 standard),True,2,False,,Multiplication and Division,6,21,B5 · Multiplication and division,
G1,101,96,step,29,Q4,2027-04-11,S2,OA,Make equal groups – grouping,3.OA.A.2,,ENRICHMENT · above grade level (Grade 3 standard),True,3,False,,Multiplication and Division,7,21,B5 · Multiplication and division,
G1,102,97,step,29,Q4,2027-04-11,S2,OA,Make equal groups – sharing,3.OA.A.2,,ENRICHMENT · above grade level (Grade 3 standard),True,3,False,,Multiplication and Division,8,22,B5 · Multiplication and division,
G1,103,98,step,29,Q4,2027-04-11,S2,OA,The 2 times-table,2.OA.C.3;3.OA.C.7,,ENRICHMENT · above grade level (Grade 2 standard),True,2,False,,Multiplication and Division,9,22,B5 · Multiplication and division,
G1,104,99,step,30,Q4,2027-04-18,S2,OA,Divide by 2,3.OA.A.2;3.OA.C.7,,ENRICHMENT · above grade level (Grade 3 standard),True,3,False,,Multiplication and Division,15,22,B5 · Multiplication and division,
G1,105,100,step,30,Q4,2027-04-18,S2,OA,Doubling and halving,2.OA.C.3;3.OA.A.1;3.OA.A.2,,ENRICHMENT · above grade level (Grade 2 standard),True,2,False,,Multiplication and Division,16,23,B5 · Multiplication and division,
G1,106,101,step,30,Q4,2027-04-18,S2,OA,Odd and even numbers,2.OA.C.3,,ENRICHMENT · above grade level (Grade 2 standard),True,2,False,,Multiplication and Division,14,23,B5 · Multiplication and division,
G1,107,102,step,31,Q4,2027-04-25,S2,OA,Divide by 10,3.OA.A.2;3.OA.C.7,,ENRICHMENT · above grade level (Grade 3 standard),True,3,False,,Multiplication and Division,18,24,B5 · Multiplication and division,
G1,108,103,step,31,Q4,2027-04-25,S2,OA,Divide by 5,3.OA.A.2;3.OA.C.7,,ENRICHMENT · above grade level (Grade 3 standard),True,3,False,,Multiplication and Division,17,24,B5 · Multiplication and division,
G1,109,104,step,31,Q4,2027-04-25,S2,G,Recognise a third,2.G.A.3,,ENRICHMENT · above grade level (Grade 2 standard),True,2,False,,Fractions,7,31,B8 · Fractions,
G1,110,105,step,31,Q4,2027-04-25,S2,G,Find a third,2.G.A.3,,ENRICHMENT · above grade level (Grade 2 standard),True,2,False,,Fractions,8,32,B8 · Fractions,
G1,111,106,step,32,Q4,2027-05-02,S2,MD,Count money - pence (US: dollars & cents),2.MD.C.8,,ENRICHMENT · above grade level (Grade 2 standard),True,2,False,,Money,1,17,B4 · Money,
G1,112,107,step,32,Q4,2027-05-02,S2,MD,Count money - pounds (notes and coins) (US: dollars & cents),2.MD.C.8,,ENRICHMENT · above grade level (Grade 2 standard),True,2,False,,Money,2,17,B4 · Money,
G1,113,108,step,32,Q4,2027-05-02,S2,MD,Count money - pounds and pence,2.MD.C.8,,ENRICHMENT · above grade level (Grade 2 standard),True,2,False,,Money,3,17,B4 · Money,
G1,114,109,step,32,Q4,2027-05-02,S2,MD,Make the same amount (US: dollars & cents),2.MD.C.8,,ENRICHMENT · above grade level (Grade 2 standard),True,2,False,,Money,7,17,B4 · Money,
G1,115,110,step,33,Q4,2027-05-09,S2,MD,Choose notes and coins,2.MD.C.8,,ENRICHMENT · above grade level (Grade 2 standard),True,2,False,,Money,4,18,B4 · Money,
G1,116,111,step,33,Q4,2027-05-09,S2,MD,Calculate with money,2.MD.C.8,,ENRICHMENT · above grade level (Grade 2 standard),True,2,False,,Money,8,18,B4 · Money,
G1,117,112,step,33,Q4,2027-05-09,S2,MD,Count money - notes and coins (US: dollars & cents),2.MD.C.8,,ENRICHMENT · above grade level (Grade 2 standard),True,2,False,,Money,5,18,B4 · Money,
G1,118,113,step,33,Q4,2027-05-09,S2,MD,Select money (US: dollars & cents),2.MD.C.8,,ENRICHMENT · above grade level (Grade 2 standard),True,2,False,,Money,6,18,B4 · Money,
G1,119,114,step,34,Q4,2027-05-23,S2,MD,Make a pound,2.MD.C.8,,ENRICHMENT · above grade level (Grade 2 standard),True,2,False,,Money,9,19,B5 · Multiplication and division,
G1,120,115,step,34,Q4,2027-05-23,S2,MD,Two-step problems (US: dollars & cents),2.MD.C.8;2.OA.A.1,,ENRICHMENT · above grade level (Grade 2 standard),True,2,False,,Money,14,19,B5 · Multiplication and division,
G1,121,116,step,34,Q4,2027-05-23,S2,MD,Four operations with lengths and heights,2.MD.B.5,,ENRICHMENT · above grade level (Grade 2 standard),True,2,False,,Length and Height,5,27,"B7 · Mass, capacity and temperature",
G1,122,117,step,34,Q4,2027-05-23,S2,MD,Measure in grams,3.MD.A.2,,ENRICHMENT · above grade level (Grade 3 standard),True,3,False,,"Mass, Capacity and Temperature",3,27,"B7 · Mass, capacity and temperature",
G1,123,118,step,35,Q4,2027-05-30,S2,MD,Measure in kilograms,3.MD.A.2,,ENRICHMENT · above grade level (Grade 3 standard),True,3,False,,"Mass, Capacity and Temperature",4,28,"B7 · Mass, capacity and temperature",
G1,124,119,step,35,Q4,2027-05-30,S2,MD,Four operations with mass,3.MD.A.2,,ENRICHMENT · above grade level (Grade 3 standard),True,3,False,,"Mass, Capacity and Temperature",2,28,"B7 · Mass, capacity and temperature",
G1,125,120,step,35,Q4,2027-05-30,S2,MD,Measure in litres,3.MD.A.2,,ENRICHMENT · above grade level (Grade 3 standard),True,3,False,,"Mass, Capacity and Temperature",8,28,"B7 · Mass, capacity and temperature",
G1,126,121,step,36,Q4,2027-06-06,S2,MD,Measure in millilitres,3.MD.A.2,,ENRICHMENT · above grade level (Grade 3 standard),True,3,False,,"Mass, Capacity and Temperature",7,28,"B7 · Mass, capacity and temperature",
G1,127,122,step,36,Q4,2027-06-06,S2,MD,Four operations with volume and capacity,3.MD.A.2,,ENRICHMENT · above grade level (Grade 3 standard),True,3,False,,"Mass, Capacity and Temperature",6,29,"B7 · Mass, capacity and temperature",
G1,128,123,step,36,Q4,2027-06-06,S2,MD,Quarter past and quarter to,2.MD.C.7,,ENRICHMENT · above grade level (Grade 2 standard),True,2,False,,Time,2,34,B9 · Time,
G1,129,124,step,36,Q4,2027-06-06,S2,MD,Tell time past the hour,2.MD.C.7,,ENRICHMENT · above grade level (Grade 2 standard),True,2,False,,Time,3,34,B9 · Time,
G1,130,125,step,37,Q4,2027-06-13,S2,MD,Tell time to the hour,2.MD.C.7,,ENRICHMENT · above grade level (Grade 2 standard),True,2,False,,Time,4,34,B9 · Time,
G1,131,126,step,37,Q4,2027-06-13,S2,MD,Tell the time to 5 minutes,2.MD.C.7,,ENRICHMENT · above grade level (Grade 2 standard),True,2,False,,Time,5,35,B10 · Statistics,
G1,132,127,step,37,Q4,2027-06-13,S2,MD,Hours and minutes - use start and end times,3.MD.A.1,,ENRICHMENT · above grade level (Grade 3 standard),True,3,False,,Time,8,35,B10 · Statistics,
G1,133,128,step,37,Q4,2027-06-13,S2,MD,"Draw pictograms (2, 5 and 10)",2.MD.D.10;3.MD.B.3,,ENRICHMENT · above grade level (Grade 2 standard),True,2,False,,Statistics,5,37,B11 · Position and direction,
G1,134,129,step,38,Q4,2027-06-20,S2,MD,"Interpret pictograms (2, 5 and 10)",2.MD.D.10;3.MD.B.3,,ENRICHMENT · above grade level (Grade 2 standard),True,2,False,,Statistics,6,37,B11 · Position and direction,
G1,135,130,step,38,Q4,2027-06-20,S2,EXT,Non-unit fractions,3.NF.A.1,,ENRICHMENT · above grade level (Grade 3 standard),True,3,False,,Fractions,11,32,B8 · Fractions,
G1,136,131,step,38,Q4,2027-06-20,S2,EXT,Find three-quarters,3.NF.A.1,,ENRICHMENT · above grade level (Grade 3 standard),True,3,False,,Fractions,14,33,B8 · Fractions,
G1,137,132,step,38,Q4,2027-06-20,S2,EXT,Count in fractions up to a whole,3.NF.A.1;3.NF.A.3.C,,ENRICHMENT · above grade level (Grade 3 standard),True,3,False,,Fractions,15,33,B8 · Fractions,
G2,1,1,step,1,Q1,2026-09-06,S1,NBT,Represent numbers to 100,2.NBT.A.1,2.NBT.A.1,on-grade,False,,False,,Place Value,1,1,B1 · Place value,
G2,2,2,step,1,Q1,2026-09-06,S1,NBT,Partition numbers to 100,2.NBT.A.1;1.NBT.B.2,2.NBT.A.1,on-grade,False,,False,,Place Value,2,1,B1 · Place value,
G2,3,3,step,1,Q1,2026-09-06,S1,NBT,Hundreds,2.NBT.A.1,2.NBT.A.1,on-grade,False,,False,,Place Value,4,1,B1 · Place value,
G2,4,4,step,1,Q1,2026-09-06,S1,NBT,"Represent numbers to 1,000",2.NBT.A.1;2.NBT.A.3,2.NBT.A.1;2.NBT.A.3,on-grade,False,,False,,Place Value,5,2,B1 · Place value,
G2,5,5,step,2,Q1,2026-09-13,S1,NBT,"Partition numbers to 1,000",2.NBT.A.1;2.NBT.A.3,2.NBT.A.1;2.NBT.A.3,on-grade,False,,False,,Place Value,6,2,B1 · Place value,
G2,6,6,step,2,Q1,2026-09-13,S1,NBT,"Flexible partitioning of numbers to 1,000",2.NBT.A.3,2.NBT.A.3,on-grade,False,,False,,Place Value,7,2,B1 · Place value,
G2,7,7,step,2,Q1,2026-09-13,S1,NBT,"Hundreds, tens and ones",2.NBT.A.1,2.NBT.A.1,on-grade,False,,False,,Place Value,8,2,B1 · Place value,
G2,8,8,step,2,Q1,2026-09-13,S1,NBT,"Find 1, 10 or 100 more or less",2.NBT.B.8,,on-grade,False,,False,,Place Value,9,3,B1 · Place value,
G2,9,9,step,2,Q1,2026-09-13,S1,NBT,"Compare numbers to 1,000",2.NBT.A.4,,on-grade,False,,False,,Place Value,12,3,B1 · Place value,
G2,10,10,step,3,Q1,2026-09-20,S1,NBT,"Order numbers to 1,000",2.NBT.A.4,,on-grade,False,,False,,Place Value,13,3,B1 · Place value,
G2,11,11,step,3,Q1,2026-09-20,S1,NBT,Count in 50s,2.NBT.A.2,,on-grade,False,,False,,Place Value,14,4,B2 · Addition and subtraction,
G2,12,12,step,3,Q1,2026-09-20,S1,NBT,Add and subtract 1s,2.NBT.B.5,2.NBT.B.5,on-grade,False,,False,,Addition and Subtraction,2,4,B2 · Addition and subtraction,
G2,13,13,step,3,Q1,2026-09-20,S1,NBT,Add and subtract 10s,2.NBT.B.5;2.NBT.B.8,2.NBT.B.5,on-grade,False,,False,,Addition and Subtraction,3,4,B2 · Addition and subtraction,
G2,14,14,step,4,Q1,2026-09-27,S1,NBT,Add and subtract 100s,2.NBT.B.7;2.NBT.B.8,2.NBT.B.7,on-grade,False,,False,,Addition and Subtraction,4,4,B2 · Addition and subtraction,
G2,15,15,step,4,Q1,2026-09-27,S1,NBT,Spot the pattern,2.NBT.B.5;2.NBT.B.8,2.NBT.B.5,on-grade,False,,False,,Addition and Subtraction,5,4,B2 · Addition and subtraction,
G2,16,16,step,4,Q1,2026-09-27,S1,NBT,Add 1s across a 10,2.NBT.B.5,2.NBT.B.5,on-grade,False,,False,,Addition and Subtraction,6,5,B2 · Addition and subtraction,
G2,17,17,step,5,Q1,2026-10-04,S1,NBT,Add 10s across a 100,2.NBT.B.7,2.NBT.B.7,on-grade,False,,False,,Addition and Subtraction,7,5,B2 · Addition and subtraction,
G2,18,18,step,5,Q1,2026-10-04,S1,NBT,Subtract 1s across a 10,2.NBT.B.5,2.NBT.B.5,on-grade,False,,False,,Addition and Subtraction,8,6,B2 · Addition and subtraction,
G2,19,19,step,5,Q1,2026-10-04,S1,NBT,Subtract 10s across a 100,2.NBT.B.7,2.NBT.B.7,on-grade,False,,False,,Addition and Subtraction,9,6,B2 · Addition and subtraction,
G2,20,20,step,5,Q1,2026-10-04,S1,NBT,Make connections,2.NBT.B.5;2.NBT.B.9,2.NBT.B.5,on-grade,False,,False,,Addition and Subtraction,10,6,B2 · Addition and subtraction,
G2,21,21,step,6,Q1,2026-10-11,S1,NBT,Add two numbers (no exchange),2.NBT.B.7,2.NBT.B.7,on-grade,False,,False,,Addition and Subtraction,11,6,B2 · Addition and subtraction,
G2,22,22,step,6,Q1,2026-10-11,S1,NBT,Subtract two numbers (no exchange),2.NBT.B.7,2.NBT.B.7,on-grade,False,,False,,Addition and Subtraction,12,7,B2 · Addition and subtraction,
G2,23,23,step,6,Q1,2026-10-11,S1,NBT,Add two numbers (across a 10),2.NBT.B.7,2.NBT.B.7,on-grade,False,,False,,Addition and Subtraction,13,7,B2 · Addition and subtraction,
G2,24,24,step,6,Q1,2026-10-11,S1,NBT,Add two numbers (across a 100),2.NBT.B.7,2.NBT.B.7,on-grade,False,,False,,Addition and Subtraction,14,8,B2 · Addition and subtraction,
G2,25,25,step,7,Q1,2026-10-18,S1,NBT,Subtract two numbers (across a 10),2.NBT.B.7,2.NBT.B.7,on-grade,False,,False,,Addition and Subtraction,15,8,B2 · Addition and subtraction,
G2,26,26,step,7,Q1,2026-10-18,S1,NBT,Subtract two numbers (across a 100),2.NBT.B.7,2.NBT.B.7,on-grade,False,,False,,Addition and Subtraction,16,8,B2 · Addition and subtraction,
G2,27,27,step,7,Q1,2026-10-18,S1,NBT,Add 2-digit and 3-digit numbers,2.NBT.B.7,2.NBT.B.7,on-grade,False,,False,,Addition and Subtraction,17,8,B2 · Addition and subtraction,
G2,28,28,step,7,Q1,2026-10-18,S1,NBT,Subtract a 2-digit number from a 3-digit number,2.NBT.B.7,2.NBT.B.7,on-grade,False,,False,,Addition and Subtraction,18,8,B2 · Addition and subtraction,
G2,29,29,step,8,Q2,2026-11-01,S1,NBT,Complements to 100,2.NBT.B.5,2.NBT.B.5,on-grade,False,,False,,Addition and Subtraction,19,9,B2 · Addition and subtraction,
G2,30,30,step,8,Q2,2026-11-01,S1,NBT,Estimate answers,2.NBT.B.7;3.NBT.A.1,2.NBT.B.7,on-grade,False,,False,,Addition and Subtraction,20,9,B2 · Addition and subtraction,
G2,31,31,step,8,Q2,2026-11-01,S1,NBT,Inverse operations,2.NBT.B.7;3.NBT.A.2,2.NBT.B.7,on-grade,False,,False,,Addition and Subtraction,21,9,B2 · Addition and subtraction,
G2,32,32,step,8,Q2,2026-11-01,S1,NBT,Make decisions,2.NBT.B.5;2.NBT.B.7,2.NBT.B.5;2.NBT.B.7,on-grade,False,,False,,Addition and Subtraction,22,9,B2 · Addition and subtraction,
G2,33,33,step,8,Q2,2026-11-01,S1,NBT,Add up to four two-digit numbers,2.NBT.B.6,,BUILD,False,,True,,CCSS BUILD (from pacing guide),1,9,B2 · Addition and subtraction,CCSS BUILD lesson: still to be written.
G2,34,34,step,9,Q2,2026-11-08,S1,NBT,Multiples of 5 and 10,2.NBT.A.2;2.OA.C.4,,on-grade,False,,False,,Multiplication and Division A,4,10,B3 · Multiplication and division,"Also uses OA, which is now taught later (from W09)."
G2,35,35,step,9,Q2,2026-11-08,S1,NBT,Multiples of 10,2.NBT.A.2;3.NBT.A.3,,on-grade,False,,False,,Multiplication and Division B,2,13,B4 · Multiplication and division B,
G2,36,,exam,9,Q2,2026-11-08,S1,NBT,DOMAIN EXAM · Number & Operations in Base Ten,,,EXAM,False,,False,,,,,,
G2,37,36,step,9,Q2,2026-11-08,S1,OA,Apply number bonds within 10,2.OA.B.2,2.OA.B.2,on-grade,False,,False,,Addition and Subtraction,1,4,B2 · Addition and subtraction,
G2,38,37,step,10,Q2,2026-11-15,S1,OA,Solve one-step word problems using bar models,2.OA.A.1,2.OA.A.1,BUILD,False,,True,,One- and Two-Step Word Problems within 100,1,10,B3 · Multiplication and division,CCSS BUILD lesson: still to be written.
G2,39,38,step,10,Q2,2026-11-15,S1,OA,Solve two-step word problems identifying both operations,2.OA.A.1,2.OA.A.1,BUILD,False,,True,,One- and Two-Step Word Problems within 100,2,10,B3 · Multiplication and division,CCSS BUILD lesson: still to be written.
G2,40,39,step,10,Q2,2026-11-15,S1,OA,Multiplication - equal groups,2.OA.C.4;3.OA.A.1,,on-grade,False,,False,,Multiplication and Division A,1,10,B3 · Multiplication and division,
G2,41,40,step,10,Q2,2026-11-15,S1,OA,Use arrays,2.OA.C.4,,on-grade,False,,False,,Multiplication and Division A,2,10,B3 · Multiplication and division,
G2,42,41,step,11,Q2,2026-11-22,S1,OA,Multiples of 2,2.OA.C.3;2.OA.C.4,2.OA.C.3,on-grade,False,,False,,Multiplication and Division A,3,10,B3 · Multiplication and division,
G2,43,42,step,11,Q2,2026-11-22,S1,OA,Multiply by 3,2.OA.C.4;3.OA.A.1;3.OA.C.7,,on-grade,False,,False,,Multiplication and Division A,6,11,B3 · Multiplication and division,
G2,44,43,step,11,Q2,2026-11-22,S1,OA,The 3 times-table,2.OA.C.4;3.OA.C.7,,on-grade,False,,False,,Multiplication and Division A,8,11,B3 · Multiplication and division,
G2,45,44,step,11,Q2,2026-11-22,S1,OA,Multiply by 4,2.OA.C.4;3.OA.A.1;3.OA.C.7,,on-grade,False,,False,,Multiplication and Division A,9,11,B3 · Multiplication and division,
G2,46,45,step,11,Q2,2026-11-22,S1,OA,The 4 times-table,2.OA.C.4;3.OA.C.7,,on-grade,False,,False,,Multiplication and Division A,11,12,B3 · Multiplication and division,
G2,47,46,step,12,Q2,2026-11-29,S1,OA,Odd and even numbers,2.OA.C.3,2.OA.C.3,BUILD,False,,True,,CCSS BUILD (from pacing guide),4,13,B4 · Multiplication and division B,CCSS BUILD lesson: still to be written.
G2,48,47,step,12,Q2,2026-11-29,S1,OA,Reasoning about multiplication,2.OA.C.4;3.OA.B.5,,on-grade,False,,False,,Multiplication and Division B,4,16,B4 · Multiplication and division B,
G2,49,,exam,12,Q2,2026-11-29,S1,OA,DOMAIN EXAM · Operations & Algebraic Thinking,,,EXAM,False,,False,,,,,,
G2,50,48,step,13,Q2,2026-12-06,S1,MD,Number line to 100,2.MD.B.6;2.NBT.A.1,2.MD.B.6;2.NBT.A.1,on-grade,False,,False,,Place Value,3,1,B1 · Place value,
G2,51,49,step,13,Q2,2026-12-06,S1,MD,"Number line to 1,000",2.MD.B.6;2.NBT.A.1,2.MD.B.6;2.NBT.A.1,on-grade,False,,False,,Place Value,10,3,B1 · Place value,
G2,52,50,step,13,Q2,2026-12-06,S1,MD,"Estimate on a number line to 1,000",2.MD.B.6;2.NBT.A.1,2.MD.B.6;2.NBT.A.1,on-grade,False,,False,,Place Value,11,3,B1 · Place value,
G2,53,51,step,13,Q2,2026-12-06,S1,MD,Measure in metres and centimetres,2.MD.A.1;2.MD.A.2;4.MD.A.1,2.MD.A.1,on-grade,False,,False,,Length and Perimeter,1,18,B5 · Length and perimeter,
G2,54,52,step,14,Q2,2026-12-13,S1,MD,Measure in millimetres,2.MD.A.1,2.MD.A.1,on-grade,False,,False,,Length and Perimeter,2,18,B5 · Length and perimeter,
G2,55,53,step,14,Q2,2026-12-13,S1,MD,Measure in centimetres and millimetres,2.MD.A.1;2.MD.A.2;4.MD.A.1,2.MD.A.1,on-grade,False,,False,,Length and Perimeter,3,18,B5 · Length and perimeter,
G2,56,54,step,14,Q2,2026-12-13,S1,MD,"Metres, centimetres and millimetres",2.MD.A.1;4.MD.A.1,2.MD.A.1,on-grade,False,,False,,Length and Perimeter,4,18,B5 · Length and perimeter,
G2,57,55,step,14,Q2,2026-12-13,S1,MD,Equivalent lengths (metres and centimetres),2.MD.A.1;4.MD.A.1,2.MD.A.1,on-grade,False,,False,,Length and Perimeter,5,19,B5 · Length and perimeter,
G2,58,56,step,14,Q2,2026-12-13,S1,MD,Equivalent lengths (centimetres and millimetres),2.MD.A.1;4.MD.A.1,2.MD.A.1,on-grade,False,,False,,Length and Perimeter,6,19,B5 · Length and perimeter,
G2,59,57,step,15,Q3,2027-01-03,S2,MD,Compare lengths,2.MD.A.4,,on-grade,False,,False,,Length and Perimeter,7,19,B5 · Length and perimeter,
G2,60,58,step,15,Q3,2027-01-03,S2,MD,Add lengths,2.MD.B.5,2.MD.B.5,on-grade,False,,False,,Length and Perimeter,8,19,B5 · Length and perimeter,
G2,61,59,step,15,Q3,2027-01-03,S2,MD,Subtract lengths,2.MD.B.5,2.MD.B.5,on-grade,False,,False,,Length and Perimeter,9,19,B5 · Length and perimeter,
G2,62,60,step,16,Q3,2027-01-10,S2,MD,What is perimeter?,2.MD.A.1;3.MD.D.8,2.MD.A.1,on-grade,False,,False,,Length and Perimeter,10,19,B5 · Length and perimeter,
G2,63,61,step,16,Q3,2027-01-10,S2,MD,Measure perimeter,2.MD.A.1;3.MD.D.8,2.MD.A.1,on-grade,False,,False,,Length and Perimeter,11,20,B6 · Fractions A,
G2,64,62,step,16,Q3,2027-01-10,S2,MD,Calculate perimeter,2.MD.B.5;3.MD.D.8,2.MD.B.5,on-grade,False,,False,,Length and Perimeter,12,20,B6 · Fractions A,
G2,65,63,step,16,Q3,2027-01-10,S2,MD,Measure and estimate in inches and feet,2.MD.A.3,,BUILD,False,,True,,CCSS BUILD (from pacing guide),5,21,B6 · Fractions A,CCSS BUILD lesson: still to be written.
G2,66,64,step,17,Q3,2027-01-17,S2,MD,"Compare units: inches, feet, yards and centimetres",2.MD.A.2;2.MD.A.3,,BUILD,False,,True,,CCSS BUILD (new: needed for the domain test),0,,,"NEW CCSS BUILD lesson, needed so the Measurement & Data test only asks what has been taught. Still to be made."
G2,67,65,step,17,Q3,2027-01-17,S2,MD,Measure lengths of a set of objects to the nearest whole unit,2.MD.D.9,,BUILD,False,,True,,Line Plots from Length Measurements,1,21,B6 · Fractions A,CCSS BUILD lesson: still to be written.
G2,68,66,step,17,Q3,2027-01-17,S2,MD,Record the measurement data in a table,2.MD.D.9,,BUILD,False,,True,,Line Plots from Length Measurements,2,22,B6 · Fractions A,CCSS BUILD lesson: still to be written.
G2,69,67,step,17,Q3,2027-01-17,S2,MD,Show measurement data on a line plot,2.MD.D.9,,BUILD,False,,True,,CCSS BUILD (from pacing guide),8,22,B6 · Fractions A,CCSS BUILD lesson: still to be written.
G2,70,68,step,17,Q3,2027-01-17,S2,MD,Solve 'longer by' problems using bar models,2.MD.B.5,2.MD.B.5,BUILD,False,,True,,Length Word Problems within 100,1,22,B6 · Fractions A,CCSS BUILD lesson: still to be written.
G2,71,69,step,18,Q3,2027-01-24,S2,MD,Solve 'shorter by' problems using bar models,2.MD.B.5,2.MD.B.5,BUILD,False,,True,,Length Word Problems within 100,2,23,B6 · Fractions A,CCSS BUILD lesson: still to be written.
G2,72,70,step,18,Q3,2027-01-24,S2,MD,Fractions on a number line,2.MD.B.6;3.NF.A.2,2.MD.B.6,on-grade,False,,False,,Fractions A,7,23,B6 · Fractions A,
G2,73,71,step,18,Q3,2027-01-24,S2,MD,Compare capacity and volume,K.MD.A.2,,review of earlier grade,False,,False,,Mass and Capacity,2,25,B7 · Mass and capacity,
G2,74,72,step,18,Q3,2027-01-24,S2,MD,Compare mass,K.MD.A.2,,review of earlier grade,False,,False,,Mass and Capacity,1,26,B7 · Mass and capacity,
G2,75,73,step,19,Q3,2027-01-31,S2,MD,Pounds and pence (US: dollars & cents),2.MD.C.8,2.MD.C.8,on-grade,False,,False,,Money,1,30,B9 · Money,
G2,76,74,step,19,Q3,2027-01-31,S2,MD,Convert pounds and pence (US: dollars & cents),2.MD.C.8,2.MD.C.8,on-grade,False,,False,,Money,2,30,B9 · Money,
G2,77,75,step,19,Q3,2027-01-31,S2,MD,Add money (US: dollars & cents),2.MD.C.8,2.MD.C.8,on-grade,False,,False,,Money,3,30,B9 · Money,
G2,78,76,step,19,Q3,2027-01-31,S2,MD,Subtract money (US: dollars & cents),2.MD.C.8,2.MD.C.8,on-grade,False,,False,,Money,4,31,B10 · Time,
G2,79,77,step,20,Q3,2027-02-07,S2,MD,Find change (US: dollars & cents),2.MD.C.8,2.MD.C.8,on-grade,False,,False,,Money,5,31,B10 · Time,
G2,80,78,step,20,Q3,2027-02-07,S2,MD,Roman numerals to 12,,,no CCSS code (kept with neighbour),False,,False,,Time,1,31,B10 · Time,
G2,81,79,step,20,Q3,2027-02-07,S2,MD,Tell the time to 5 minutes,2.MD.C.7,,on-grade,False,,False,,Time,2,31,B10 · Time,
G2,82,80,step,20,Q3,2027-02-07,S2,MD,Tell the time to the minute,2.MD.C.7;3.MD.A.1,,on-grade,False,,False,,Time,3,32,B10 · Time,
G2,83,81,step,21,Q3,2027-02-14,S2,MD,Read time on a digital clock,2.MD.C.7,,on-grade,False,,False,,Time,4,32,B10 · Time,
G2,84,82,step,21,Q3,2027-02-14,S2,MD,Use am and pm,2.MD.C.7,,on-grade,False,,False,,Time,5,32,B10 · Time,
G2,85,83,step,21,Q3,2027-02-14,S2,MD,"Years, months and days",2.MD.C.7,,on-grade,False,,False,,Time,6,33,B10 · Time,
G2,86,84,step,21,Q3,2027-02-14,S2,MD,Days and hours,2.MD.C.7,,on-grade,False,,False,,Time,7,33,B10 · Time,
G2,87,85,step,22,Q3,2027-02-21,S2,MD,Hours and minutes - use start and end times,2.MD.C.7;3.MD.A.1,,on-grade,False,,False,,Time,8,33,B10 · Time,
G2,88,86,step,22,Q3,2027-02-21,S2,MD,Hours and minutes - use durations,2.MD.C.7;3.MD.A.1,,on-grade,False,,False,,Time,9,33,B10 · Time,
G2,89,87,step,22,Q3,2027-02-21,S2,MD,Minutes and seconds,2.MD.C.7,,on-grade,False,,False,,Time,10,34,B11 · Shape,
G2,90,88,step,22,Q3,2027-02-21,S2,MD,Units of time,2.MD.C.7,,on-grade,False,,False,,Time,11,34,B11 · Shape,
G2,91,89,step,23,Q3,2027-02-28,S2,MD,Solve problems with time,2.MD.C.7;3.MD.A.1,,on-grade,False,,False,,Time,12,34,B11 · Shape,
G2,92,90,step,23,Q3,2027-02-28,S2,MD,Measure and draw accurately,2.MD.A.1;3.MD.B.4,2.MD.A.1,on-grade,False,,False,,Shape,9,35,B11 · Shape,
G2,93,91,step,23,Q3,2027-02-28,S2,MD,Interpret pictograms,2.MD.D.10,,on-grade,False,,False,,Statistics,1,37,B12 · Statistics,
G2,94,92,step,23,Q3,2027-02-28,S2,MD,Draw pictograms,2.MD.D.10,,on-grade,False,,False,,Statistics,2,37,B12 · Statistics,
G2,95,93,step,24,Q3,2027-03-07,S2,MD,Interpret bar charts,2.MD.D.10,,on-grade,False,,False,,Statistics,3,37,B12 · Statistics,
G2,96,94,step,25,Q3,2027-03-14,S2,MD,Draw bar charts,2.MD.D.10,,on-grade,False,,False,,Statistics,4,39,B12 · Statistics,
G2,97,95,step,25,Q3,2027-03-14,S2,MD,Collect and represent data,2.MD.D.10,,on-grade,False,,False,,Statistics,5,39,B12 · Statistics,
G2,98,96,step,25,Q3,2027-03-14,S2,MD,Two-way tables,2.MD.D.10,,on-grade,False,,False,,Statistics,6,39,B12 · Statistics,
G2,99,,exam,25,Q3,2027-03-14,S2,MD,DOMAIN EXAM · Measurement & Data,,,EXAM,False,,False,,,,,,
G2,100,97,step,26,Q3,2027-03-21,S2,G,Count squares,3.MD.C.6;2.G.A.2,2.G.A.2,COPIED IN,False,,False,G3,Area,3,8,,Copied from the Grade 3 (WRM Year 4) guide so this standard is taught in its own grade. Slides and worksheet live in that grade's lesson folder.
G2,101,98,step,26,Q3,2027-03-21,S2,G,Partition a rectangle into rows and columns of squares,2.G.A.2,2.G.A.2,BUILD,False,,True,,CCSS BUILD (new: needed for the domain test),0,,,"NEW CCSS BUILD lesson, needed so the Geometry test only asks what has been taught. Still to be made."
G2,102,99,step,26,Q3,2027-03-21,S2,G,Understand the denominators of unit fractions,2.G.A.3;3.NF.A.1,2.G.A.3,on-grade,False,,False,,Fractions A,1,20,B6 · Fractions A,
G2,103,100,step,26,Q3,2027-03-21,S2,G,Understand the numerators of non-unit fractions,2.G.A.3;3.NF.A.1,2.G.A.3,on-grade,False,,False,,Fractions A,3,21,B6 · Fractions A,
G2,104,101,step,27,Q3,2027-03-28,S2,G,Understand the whole,2.G.A.3;3.NF.A.1,2.G.A.3,on-grade,False,,False,,Fractions A,4,22,B6 · Fractions A,
G2,105,102,step,27,Q3,2027-03-28,S2,G,Fractions and scales,2.G.A.3,2.G.A.3,on-grade,False,,False,,Fractions A,6,22,B6 · Fractions A,
G2,106,103,step,27,Q3,2027-03-28,S2,G,Recognise and describe 2D shapes,2.G.A.1;K.G.A.2,2.G.A.1,on-grade,False,,False,,Shape,1,34,B11 · Shape,
G2,107,104,step,28,Q4,2027-04-04,S2,G,Recognise and describe 3D shapes,2.G.A.1;1.G.A.1,2.G.A.1,on-grade,False,,False,,Shape,2,34,B11 · Shape,
G2,108,105,step,28,Q4,2027-04-04,S2,G,Turns and angles,2.G.A.1,2.G.A.1,on-grade,False,,False,,Shape,4,34,B11 · Shape,
G2,109,106,step,28,Q4,2027-04-04,S2,G,Make 3D shapes,2.G.A.1;1.G.A.1;K.G.B.5;1.G.A.2,2.G.A.1,on-grade,False,,False,,Shape,3,34,B11 · Shape,
G2,110,107,step,28,Q4,2027-04-04,S2,G,Right angles,2.G.A.1;4.G.A.2,2.G.A.1,on-grade,False,,False,,Shape,8,34,B11 · Shape,
G2,111,108,step,29,Q4,2027-04-11,S2,G,Compare angles,2.G.A.1,2.G.A.1,on-grade,False,,False,,Shape,5,35,B11 · Shape,
G2,112,109,step,29,Q4,2027-04-11,S2,G,Horizontal and vertical,2.G.A.1,2.G.A.1,on-grade,False,,False,,Shape,6,35,B11 · Shape,
G2,113,110,step,29,Q4,2027-04-11,S2,G,Parallel and perpendicular,2.G.A.1;4.G.A.1,2.G.A.1,on-grade,False,,False,,Shape,10,35,B11 · Shape,
G2,114,111,step,29,Q4,2027-04-11,S2,G,Draw polygons,2.G.A.1,2.G.A.1,on-grade,False,,False,,Shape,7,36,B11 · Shape,
G2,115,,exam,30,Q4,2027-04-18,S2,G,DOMAIN EXAM · Geometry,,,EXAM,False,,False,,,,,,
G2,116,,map_window,30,Q4,2027-04-18,S2,,MAP GROWTH WINDOW (spring) · all grade-level domains taught and examined · ENRICHMENT LESSONS FOLLOW,,,MAP,False,,False,,,,,,
G2,117,112,step,30,Q4,2027-04-18,S2,NBT,Related calculations,3.NBT.A.3;3.OA.B.5,,ENRICHMENT · above grade level (Grade 3 standard),True,3,False,,Multiplication and Division B,3,13,B4 · Multiplication and division B,
G2,118,113,step,30,Q4,2027-04-18,S2,OA,Sharing and grouping,3.OA.A.2,,ENRICHMENT · above grade level (Grade 3 standard),True,3,False,,Multiplication and Division A,5,10,B3 · Multiplication and division,
G2,119,114,step,31,Q4,2027-04-25,S2,OA,Divide by 3,3.OA.A.2;3.OA.C.7,,ENRICHMENT · above grade level (Grade 3 standard),True,3,False,,Multiplication and Division A,7,11,B3 · Multiplication and division,
G2,120,115,step,31,Q4,2027-04-25,S2,OA,Divide by 4,3.OA.A.2;3.OA.C.7,,ENRICHMENT · above grade level (Grade 3 standard),True,3,False,,Multiplication and Division A,10,11,B3 · Multiplication and division,
G2,121,116,step,31,Q4,2027-04-25,S2,OA,Multiply by 8,3.OA.A.1;3.OA.C.7,,ENRICHMENT · above grade level (Grade 3 standard),True,3,False,,Multiplication and Division A,13,12,B3 · Multiplication and division,
G2,122,117,step,31,Q4,2027-04-25,S2,OA,Divide by 8,3.OA.A.2;3.OA.C.7,,ENRICHMENT · above grade level (Grade 3 standard),True,3,False,,Multiplication and Division A,14,12,B3 · Multiplication and division,
G2,123,118,step,32,Q4,2027-05-02,S2,OA,The 8 times-table,3.OA.C.7,,ENRICHMENT · above grade level (Grade 3 standard),True,3,False,,Multiplication and Division A,12,12,B3 · Multiplication and division,
G2,124,119,step,32,Q4,2027-05-02,S2,OA,"The 2, 4 and 8 times-tables",3.OA.B.5;3.OA.C.7,,ENRICHMENT · above grade level (Grade 3 standard),True,3,False,,Multiplication and Division A,15,12,B3 · Multiplication and division,
G2,125,120,step,32,Q4,2027-05-02,S2,OA,Divide a 2-digit number by a 1-digit number - no exchange,3.OA.A.2;4.NBT.B.6,,ENRICHMENT · above grade level (Grade 3 standard),True,3,False,,Multiplication and Division B,8,14,B4 · Multiplication and division B,
G2,126,121,step,32,Q4,2027-05-02,S2,OA,Divide a 2-digit number by a 1-digit number - flexible partitioning,3.OA.A.2;4.NBT.B.6,,ENRICHMENT · above grade level (Grade 3 standard),True,3,False,,Multiplication and Division B,9,15,B4 · Multiplication and division B,
G2,127,122,step,33,Q4,2027-05-09,S2,OA,Divide a 2-digit number by a 1-digit number - with remainders,3.OA.A.2;4.NBT.B.6,,ENRICHMENT · above grade level (Grade 3 standard),True,3,False,,Multiplication and Division B,10,15,B4 · Multiplication and division B,
G2,128,123,step,33,Q4,2027-05-09,S2,OA,Multiply a 2-digit number by a 1-digit number - no exchange,3.OA.B.5;4.NBT.B.5,,ENRICHMENT · above grade level (Grade 3 standard),True,3,False,,Multiplication and Division B,5,16,B4 · Multiplication and division B,
G2,129,124,step,33,Q4,2027-05-09,S2,OA,Multiply a 2-digit number by a 1-digit number - with exchange,3.OA.B.5;4.NBT.B.5,,ENRICHMENT · above grade level (Grade 3 standard),True,3,False,,Multiplication and Division B,6,16,B4 · Multiplication and division B,
G2,130,125,step,33,Q4,2027-05-09,S2,OA,Link multiplication and division,3.OA.B.6;3.OA.C.7,,ENRICHMENT · above grade level (Grade 3 standard),True,3,False,,Multiplication and Division B,7,17,B4 · Multiplication and division B,
G2,131,126,step,33,Q4,2027-05-09,S2,OA,Scaling,3.OA.A.1;4.OA.A.1,,ENRICHMENT · above grade level (Grade 3 standard),True,3,False,,Multiplication and Division B,11,17,B4 · Multiplication and division B,
G2,132,127,step,34,Q4,2027-05-23,S2,OA,How many ways?,3.OA.A.3,,ENRICHMENT · above grade level (Grade 3 standard),True,3,False,,Multiplication and Division B,12,17,B4 · Multiplication and division B,
G2,133,128,step,34,Q4,2027-05-23,S2,MD,Use scales,3.MD.A.2,,ENRICHMENT · above grade level (Grade 3 standard),True,3,False,,Mass and Capacity,3,24,B7 · Mass and capacity,
G2,134,129,step,34,Q4,2027-05-23,S2,MD,Measure mass in grams,3.MD.A.2,,ENRICHMENT · above grade level (Grade 3 standard),True,3,False,,Mass and Capacity,4,24,B7 · Mass and capacity,
G2,135,130,step,34,Q4,2027-05-23,S2,MD,Equivalent capacities and volumes (litres and millilitres),3.MD.A.2;4.MD.A.1,,ENRICHMENT · above grade level (Grade 3 standard),True,3,False,,Mass and Capacity,10,24,B7 · Mass and capacity,
G2,136,131,step,35,Q4,2027-05-30,S2,MD,Measure mass in kilograms and grams,3.MD.A.2,,ENRICHMENT · above grade level (Grade 3 standard),True,3,False,,Mass and Capacity,5,25,B7 · Mass and capacity,
G2,137,132,step,35,Q4,2027-05-30,S2,MD,Add and subtract capacity and volume,3.MD.A.2,,ENRICHMENT · above grade level (Grade 3 standard),True,3,False,,Mass and Capacity,11,25,B7 · Mass and capacity,
G2,138,133,step,35,Q4,2027-05-30,S2,MD,Equivalent masses (kilograms and grams),3.MD.A.2;4.MD.A.1,,ENRICHMENT · above grade level (Grade 3 standard),True,3,False,,Mass and Capacity,6,25,B7 · Mass and capacity,
G2,139,134,step,35,Q4,2027-05-30,S2,MD,Add and subtract mass,3.MD.A.2,,ENRICHMENT · above grade level (Grade 3 standard),True,3,False,,Mass and Capacity,7,26,B7 · Mass and capacity,
G2,140,135,step,36,Q4,2027-06-06,S2,MD,Measure capacity and volume in litres and millilitres,3.MD.A.2,,ENRICHMENT · above grade level (Grade 3 standard),True,3,False,,Mass and Capacity,9,26,B7 · Mass and capacity,
G2,141,136,step,36,Q4,2027-06-06,S2,MD,Measure capacity and volume in millilitres,3.MD.A.2,,ENRICHMENT · above grade level (Grade 3 standard),True,3,False,,Mass and Capacity,8,27,B7 · Mass and capacity,
G2,142,137,step,36,Q4,2027-06-06,S2,EXT,Compare and order unit fractions,3.NF.A.1;3.NF.A.3.D,,ENRICHMENT · above grade level (Grade 3 standard),True,3,False,,Fractions A,2,21,B6 · Fractions A,
G2,143,138,step,36,Q4,2027-06-06,S2,EXT,Compare and order non-unit fractions,3.NF.A.1;3.NF.A.3.D,,ENRICHMENT · above grade level (Grade 3 standard),True,3,False,,Fractions A,5,22,B6 · Fractions A,
G2,144,139,step,37,Q4,2027-06-13,S2,EXT,Count in fractions on a number line,3.NF.A.2,,ENRICHMENT · above grade level (Grade 3 standard),True,3,False,,Fractions A,8,23,B6 · Fractions A,
G2,145,140,step,37,Q4,2027-06-13,S2,EXT,Equivalent fractions on a number line,3.NF.A.2;3.NF.A.3.A,,ENRICHMENT · above grade level (Grade 3 standard),True,3,False,,Fractions B,1,23,B6 · Fractions A,
G2,146,141,step,37,Q4,2027-06-13,S2,EXT,Equivalent fractions as bar models,3.NF.A.3.B,,ENRICHMENT · above grade level (Grade 3 standard),True,3,False,,Fractions B,2,24,B7 · Mass and capacity,
G2,147,142,step,37,Q4,2027-06-13,S2,EXT,Add fractions,4.NF.B.3,,ENRICHMENT · above grade level (Grade 4 standard),True,4,False,,Fractions B,5,28,B8 · Fractions B,
G2,148,143,step,37,Q4,2027-06-13,S2,EXT,Subtract fractions,4.NF.B.3,,ENRICHMENT · above grade level (Grade 4 standard),True,4,False,,Fractions B,6,29,B8 · Fractions B,
G2,149,144,step,38,Q4,2027-06-20,S2,EXT,Partition the whole,4.NF.B.3,,ENRICHMENT · above grade level (Grade 4 standard),True,4,False,,Fractions B,7,29,B8 · Fractions B,
G2,150,145,step,38,Q4,2027-06-20,S2,EXT,Unit fractions of a set of objects,3.NF.A.1;3.OA.A.2,,ENRICHMENT · above grade level (Grade 3 standard),True,3,False,,Fractions B,8,29,B8 · Fractions B,
G2,151,146,step,38,Q4,2027-06-20,S2,EXT,Non-unit fractions of a set of objects,3.NF.A.1;3.OA.A.2,,ENRICHMENT · above grade level (Grade 3 standard),True,3,False,,Fractions B,9,29,B8 · Fractions B,
G2,152,147,step,38,Q4,2027-06-20,S2,EXT,Reasoning with fractions of an amount,3.NF.A.1;3.OA.A.3,,ENRICHMENT · above grade level (Grade 3 standard),True,3,False,,Fractions B,10,30,B9 · Money,
G3,1,1,step,1,Q1,2026-09-06,S1,OA,Multiplication - equal groups,2.OA.C.4;3.OA.A.1,3.OA.A.1,COPIED IN,False,,False,G2,Multiplication and Division A,1,10,,Copied from the Grade 2 (WRM Year 3) guide so this standard is taught in its own grade. Slides and worksheet live in that grade's lesson folder.
G3,2,2,step,1,Q1,2026-09-06,S1,OA,Sharing and grouping,3.OA.A.2,,COPIED IN,False,,False,G2,Multiplication and Division A,5,10,,Copied from the Grade 2 (WRM Year 3) guide so this standard is taught in its own grade. Slides and worksheet live in that grade's lesson folder.
G3,3,3,step,1,Q1,2026-09-06,S1,OA,Multiples of 3,3.OA.C.7;4.OA.B.4,3.OA.C.7,on-grade,False,,False,,Multiplication and Division A,1,9,B4 · Multiplication & division,
G3,4,4,step,1,Q1,2026-09-06,S1,OA,Multiply and divide by 6,3.OA.B.5;3.OA.C.7,3.OA.C.7,on-grade,False,,False,,Multiplication and Division A,2,9,B4 · Multiplication & division,
G3,5,5,step,2,Q1,2026-09-13,S1,OA,6 times-table and division facts,3.OA.B.6;3.OA.C.7,3.OA.C.7,on-grade,False,,False,,Multiplication and Division A,3,9,B4 · Multiplication & division,
G3,6,6,step,2,Q1,2026-09-13,S1,OA,Multiply and divide by 9,3.OA.B.5;3.OA.C.7,3.OA.C.7,on-grade,False,,False,,Multiplication and Division A,4,9,B4 · Multiplication & division,
G3,7,7,step,2,Q1,2026-09-13,S1,OA,9 times-table and division facts,3.OA.B.6;3.OA.C.7,3.OA.C.7,on-grade,False,,False,,Multiplication and Division A,5,9,B4 · Multiplication & division,
G3,8,8,step,2,Q1,2026-09-13,S1,OA,"The 3, 6 and 9 times-tables",3.OA.C.7;3.OA.D.9,3.OA.C.7,on-grade,False,,False,,Multiplication and Division A,6,10,B4 · Multiplication & division,
G3,9,9,step,2,Q1,2026-09-13,S1,OA,Multiply and divide by 7,3.OA.B.5;3.OA.C.7,3.OA.C.7,on-grade,False,,False,,Multiplication and Division A,7,10,B4 · Multiplication & division,
G3,10,10,step,3,Q1,2026-09-20,S1,OA,7 times-table and division facts,3.OA.B.6;3.OA.C.7,3.OA.C.7,on-grade,False,,False,,Multiplication and Division A,8,10,B4 · Multiplication & division,
G3,11,11,step,3,Q1,2026-09-20,S1,OA,11 times-table and division facts,3.OA.B.6;3.OA.C.7,3.OA.C.7,on-grade,False,,False,,Multiplication and Division A,9,10,B4 · Multiplication & division,
G3,12,12,step,3,Q1,2026-09-20,S1,OA,12 times-table and division facts,3.OA.B.6;3.OA.C.7,3.OA.C.7,on-grade,False,,False,,Multiplication and Division A,10,10,B4 · Multiplication & division,
G3,13,13,step,3,Q1,2026-09-20,S1,OA,Multiply by 1 and 0,3.OA.B.5,,on-grade,False,,False,,Multiplication and Division B,1,11,B4 · Multiplication & division,
G3,14,14,step,4,Q1,2026-09-27,S1,OA,Divide a number by 1 and itself,3.OA.B.5;3.OA.B.6,,on-grade,False,,False,,Multiplication and Division B,7,11,B4 · Multiplication & division,
G3,15,15,step,4,Q1,2026-09-27,S1,OA,Multiply three numbers,3.OA.B.5,,on-grade,False,,False,,Multiplication and Division A,11,11,B4 · Multiplication & division,
G3,16,16,step,4,Q1,2026-09-27,S1,OA,Patterns on the multiplication table,3.OA.C.7;3.OA.D.9,3.OA.C.7,BUILD,False,,True,,Multiplication and Division A,12,11,B4 · Multiplication & division,CCSS BUILD lesson: still to be written.
G3,17,17,step,5,Q1,2026-10-04,S1,OA,Two-step word problems with the four operations,3.OA.D.8,,BUILD,False,,True,,CCSS BUILD (from pacing guide),4,12,B5 · Multiplication & division B,CCSS BUILD lesson: still to be written.
G3,18,18,step,5,Q1,2026-10-04,S1,OA,Factor pairs,3.OA.A.4;4.OA.B.4,,on-grade,False,,False,,Multiplication and Division B,2,12,B5 · Multiplication & division B,
G3,19,19,step,5,Q1,2026-10-04,S1,OA,Use factor pairs,3.OA.B.5;4.OA.B.4,,on-grade,False,,False,,Multiplication and Division B,3,12,B5 · Multiplication & division B,
G3,20,20,step,5,Q1,2026-10-04,S1,OA,Informal written methods for multiplication,3.OA.B.5;4.NBT.B.5,,on-grade,False,,False,,Multiplication and Division B,14,13,B5 · Multiplication & division B,
G3,21,21,step,6,Q1,2026-10-11,S1,OA,Divide a 2-digit number by a 1-digit number (1),3.OA.B.5;4.NBT.B.6,,on-grade,False,,False,,Multiplication and Division B,15,16,B5 · Multiplication & division B,
G3,22,22,step,6,Q1,2026-10-11,S1,OA,Divide a 2-digit number by a 1-digit number (2),3.OA.B.5;4.NBT.B.6,,on-grade,False,,False,,Multiplication and Division B,16,17,B6 · Length & perimeter,
G3,23,23,step,6,Q1,2026-10-11,S1,OA,Correspondence problems,3.OA.A.3;3.OA.D.8,3.OA.A.3,on-grade,False,,False,,Multiplication and Division B,13,17,B6 · Length & perimeter,
G3,24,24,step,6,Q1,2026-10-11,S1,OA,Efficient multiplication,3.OA.B.5,,on-grade,False,,False,,Multiplication and Division B,17,17,B6 · Length & perimeter,
G3,25,25,step,7,Q1,2026-10-18,S1,OA,Calculate with money (US: dollars & cents),3.OA.D.8;4.MD.A.2,,on-grade,False,,False,,Money,7,32,B11 · Time,
G3,26,,exam,7,Q1,2026-10-18,S1,OA,DOMAIN EXAM · Operations & Algebraic Thinking,,,EXAM,False,,False,,,,,,
G3,27,26,step,7,Q1,2026-10-18,S1,NF,Partition shapes into equal areas,3.G.A.2,3.G.A.2,BUILD,False,,True,,CCSS BUILD (from pacing guide),6,25,B7 · Fractions,CCSS BUILD lesson: still to be written.
G3,28,27,step,7,Q1,2026-10-18,S1,NF,Understand the whole,3.NF.A.1,3.NF.A.1,on-grade,False,,False,,Fractions,1,20,B7 · Fractions,
G3,29,28,step,7,Q1,2026-10-18,S1,NF,Count beyond 1,3.NF.A.1,3.NF.A.1,on-grade,False,,False,,Fractions,2,20,B7 · Fractions,
G3,30,29,step,8,Q2,2026-11-01,S1,NF,Partition a mixed number,3.NF.A.1;4.NF.B.3,3.NF.A.1,on-grade,False,,False,,Fractions,3,20,B7 · Fractions,
G3,31,30,step,8,Q2,2026-11-01,S1,NF,Number lines with mixed numbers,3.NF.A.2,3.NF.A.2,on-grade,False,,False,,Fractions,4,20,B7 · Fractions,
G3,32,31,step,8,Q2,2026-11-01,S1,NF,Compare and order non-unit fractions,3.NF.A.1;3.NF.A.3.D,3.NF.A.1,COPIED IN,False,,False,G2,Fractions A,5,22,,Copied from the Grade 2 (WRM Year 3) guide so this standard is taught in its own grade. Slides and worksheet live in that grade's lesson folder.
G3,33,32,step,8,Q2,2026-11-01,S1,NF,Compare and order mixed numbers,3.NF.A.3;4.NF.A.2,3.NF.A.3,on-grade,False,,False,,Fractions,13,21,B7 · Fractions,
G3,34,33,step,9,Q2,2026-11-08,S1,NF,Understand improper fractions,3.NF.A.1;3.NF.A.3.C,3.NF.A.1;3.NF.A.3.C,on-grade,False,,False,,Fractions,5,21,B7 · Fractions,
G3,35,34,step,9,Q2,2026-11-08,S1,NF,Equivalent fractions on a number line,3.NF.A.2;3.NF.A.3.A,3.NF.A.2,on-grade,False,,False,,Fractions,11,21,B7 · Fractions,
G3,36,35,step,9,Q2,2026-11-08,S1,NF,Fractions on a number line,3.NF.A.2,3.NF.A.2,on-grade,False,,False,,Fractions,9,21,B7 · Fractions,
G3,37,36,step,9,Q2,2026-11-08,S1,NF,Convert mixed numbers to improper fractions,3.NF.A.1;4.NF.B.3.B,3.NF.A.1,on-grade,False,,False,,Fractions,6,22,B7 · Fractions,
G3,38,37,step,10,Q2,2026-11-15,S1,NF,Convert improper fractions to mixed numbers,3.NF.A.1;4.NF.B.3.B,3.NF.A.1,on-grade,False,,False,,Fractions,7,22,B7 · Fractions,
G3,39,38,step,10,Q2,2026-11-15,S1,NF,Equivalent fraction families,3.NF.A.3.B;4.NF.A.1,,on-grade,False,,False,,Fractions,8,23,B7 · Fractions,
G3,40,39,step,10,Q2,2026-11-15,S1,NF,Add two or more fractions,3.NF.A.1;4.NF.B.3,3.NF.A.1,on-grade,False,,False,,Fractions,14,23,B7 · Fractions,
G3,41,40,step,10,Q2,2026-11-15,S1,NF,Add fractions and mixed numbers,3.NF.A.1;4.NF.B.3,3.NF.A.1,on-grade,False,,False,,Fractions,15,23,B7 · Fractions,
G3,42,41,step,11,Q2,2026-11-22,S1,NF,Subtract two fractions,3.NF.A.1;4.NF.B.3,3.NF.A.1,on-grade,False,,False,,Fractions,16,24,B7 · Fractions,
G3,43,42,step,11,Q2,2026-11-22,S1,NF,Subtract from whole amounts,3.NF.A.1;4.NF.B.3,3.NF.A.1,on-grade,False,,False,,Fractions,17,24,B7 · Fractions,
G3,44,43,step,11,Q2,2026-11-22,S1,NF,Subtract from mixed numbers,3.NF.A.1;4.NF.B.3,3.NF.A.1,on-grade,False,,False,,Fractions,18,24,B7 · Fractions,
G3,45,,exam,11,Q2,2026-11-22,S1,NF,DOMAIN EXAM · Number & Operations: Fractions,,,EXAM,False,,False,,,,,,
G3,46,44,step,11,Q2,2026-11-22,S1,NBT,"Represent numbers to 1,000",2.NBT.A.1;2.NBT.A.3,,review of earlier grade,False,,False,,Place Value,1,1,"B1 · Place value (to 10,000)",
G3,47,45,step,12,Q2,2026-11-29,S1,NBT,"Partition numbers to 1,000",2.NBT.A.1;2.NBT.A.3,,review of earlier grade,False,,False,,Place Value,2,1,"B1 · Place value (to 10,000)",
G3,48,46,step,12,Q2,2026-11-29,S1,NBT,"Find 1, 10, 100, 1,000 more or less",2.NBT.B.8;4.NBT.A.1,,review of earlier grade,False,,False,,Place Value,9,2,"B1 · Place value (to 10,000)",
G3,49,47,step,12,Q2,2026-11-29,S1,NBT,Roman numerals,,,no CCSS code (kept with neighbour),False,,False,,Place Value,14,2,"B1 · Place value (to 10,000)",
G3,50,48,step,13,Q2,2026-12-06,S1,NBT,"Number line to 10,000",3.NBT.A.1,3.NBT.A.1,on-grade,False,,False,,Place Value,10,3,"B1 · Place value (to 10,000)",
G3,51,49,step,13,Q2,2026-12-06,S1,NBT,"Estimate on a number line to 10,000",3.NBT.A.1,3.NBT.A.1,on-grade,False,,False,,Place Value,11,3,"B1 · Place value (to 10,000)",
G3,52,50,step,13,Q2,2026-12-06,S1,NBT,Round to the nearest 10,3.NBT.A.1,3.NBT.A.1,on-grade,False,,False,,Place Value,15,4,B2 · Addition & subtraction,
G3,53,51,step,13,Q2,2026-12-06,S1,NBT,Round to the nearest 100,3.NBT.A.1,3.NBT.A.1,on-grade,False,,False,,Place Value,16,4,B2 · Addition & subtraction,
G3,54,52,step,13,Q2,2026-12-06,S1,NBT,"Round to the nearest 1,000",3.NBT.A.1;4.NBT.A.3,3.NBT.A.1,on-grade,False,,False,,Place Value,17,4,B2 · Addition & subtraction,
G3,55,53,step,14,Q2,2026-12-13,S1,NBT,"Round to the nearest 10, 100 or 1,000",3.NBT.A.1;4.NBT.A.3,3.NBT.A.1,on-grade,False,,False,,Place Value,18,4,B2 · Addition & subtraction,
G3,56,54,step,14,Q2,2026-12-13,S1,NBT,"Add and subtract 1s, 10s, 100s and 1,000s",3.NBT.A.2,,on-grade,False,,False,,Addition and Subtraction,1,4,B2 · Addition & subtraction,
G3,57,55,step,14,Q2,2026-12-13,S1,NBT,Add up to two 4-digit numbers - no exchange,3.NBT.A.2;4.NBT.B.4,,on-grade,False,,False,,Addition and Subtraction,2,5,B2 · Addition & subtraction,
G3,58,56,step,14,Q2,2026-12-13,S1,NBT,Add two 4-digit numbers - one exchange,3.NBT.A.2;4.NBT.B.4,,on-grade,False,,False,,Addition and Subtraction,3,5,B2 · Addition & subtraction,
G3,59,57,step,15,Q3,2027-01-03,S2,NBT,Add two 4-digit numbers - more than one exchange,3.NBT.A.2;4.NBT.B.4,,on-grade,False,,False,,Addition and Subtraction,4,5,B2 · Addition & subtraction,
G3,60,58,step,15,Q3,2027-01-03,S2,NBT,Subtract two 4-digit numbers - no exchange,3.NBT.A.2;4.NBT.B.4,,on-grade,False,,False,,Addition and Subtraction,5,6,B2 · Addition & subtraction,
G3,61,59,step,15,Q3,2027-01-03,S2,NBT,Subtract two 4-digit numbers - one exchange,3.NBT.A.2;4.NBT.B.4,,on-grade,False,,False,,Addition and Subtraction,6,6,B2 · Addition & subtraction,
G3,62,60,step,16,Q3,2027-01-10,S2,NBT,Subtract two 4-digit numbers - more than one exchange,3.NBT.A.2;4.NBT.B.4,,on-grade,False,,False,,Addition and Subtraction,7,6,B2 · Addition & subtraction,
G3,63,61,step,16,Q3,2027-01-10,S2,NBT,Efficient subtraction,3.NBT.A.2,,on-grade,False,,False,,Addition and Subtraction,8,7,B2 · Addition & subtraction,
G3,64,62,step,16,Q3,2027-01-10,S2,NBT,Estimate answers,3.NBT.A.1;3.NBT.A.2,3.NBT.A.1,on-grade,False,,False,,Addition and Subtraction,9,7,B2 · Addition & subtraction,
G3,65,63,step,16,Q3,2027-01-10,S2,NBT,Checking strategies,3.NBT.A.2,,on-grade,False,,False,,Addition and Subtraction,10,7,B2 · Addition & subtraction,
G3,66,64,step,16,Q3,2027-01-10,S2,NBT,Multiply by 10,3.NBT.A.3;4.NBT.A.1,,on-grade,False,,False,,Multiplication and Division B,8,12,B5 · Multiplication & division B,
G3,67,65,step,17,Q3,2027-01-17,S2,NBT,Multiply by 100,3.NBT.A.3;4.NBT.A.1,,on-grade,False,,False,,Multiplication and Division B,9,12,B5 · Multiplication & division B,
G3,68,66,step,17,Q3,2027-01-17,S2,NBT,Related facts - multiplication and division,3.NBT.A.3;3.OA.B.6,,on-grade,False,,False,,Multiplication and Division B,10,13,B5 · Multiplication & division B,
G3,69,67,step,17,Q3,2027-01-17,S2,NBT,Multiply a 2-digit number by a 1-digit number,3.NBT.A.3;4.NBT.B.5,,on-grade,False,,False,,Multiplication and Division B,12,16,B5 · Multiplication & division B,
G3,70,68,step,17,Q3,2027-01-17,S2,NBT,Estimate with money (US: dollars & cents),3.NBT.A.1;4.MD.A.2,3.NBT.A.1,on-grade,False,,False,,Money,6,32,B11 · Time,
G3,71,,exam,18,Q3,2027-01-24,S2,NBT,DOMAIN EXAM · Number & Operations in Base Ten,,,EXAM,False,,False,,,,,,
G3,72,69,step,18,Q3,2027-01-24,S2,MD,"Number line to 1,000",2.MD.B.6;2.NBT.A.1,,review of earlier grade,False,,False,,Place Value,3,1,"B1 · Place value (to 10,000)",
G3,73,70,step,18,Q3,2027-01-24,S2,MD,Count squares,3.MD.C.6;2.G.A.2,,on-grade,False,,False,,Area,3,8,B3 · Area,
G3,74,71,step,18,Q3,2027-01-24,S2,MD,Make shapes,3.MD.C.5;3.MD.C.6,3.MD.C.5,on-grade,False,,False,,Area,1,8,B3 · Area,
G3,75,72,step,19,Q3,2027-01-31,S2,MD,What is area?,3.MD.C.5,3.MD.C.5,on-grade,False,,False,,Area,2,8,B3 · Area,
G3,76,73,step,19,Q3,2027-01-31,S2,MD,Compare areas,3.MD.C.6,,on-grade,False,,False,,Area,4,8,B3 · Area,
G3,77,74,step,19,Q3,2027-01-31,S2,MD,Area as multiplication,3.MD.C.7;3.MD.C.7.A;3.MD.C.7.B,,BUILD,False,,True,,CCSS BUILD (from pacing guide),1,8,B3 · Area,CCSS BUILD lesson: still to be written.
G3,78,75,step,19,Q3,2027-01-31,S2,MD,Distributive and additive area,3.MD.C.7;3.MD.C.7.C;3.MD.C.7.D,,BUILD,False,,True,,CCSS BUILD (from pacing guide),2,9,B4 · Multiplication & division,CCSS BUILD lesson: still to be written.
G3,79,76,step,19,Q3,2027-01-31,S2,MD,Perimeter on a grid,3.MD.D.8,,on-grade,False,,False,,Length and Perimeter,4,18,B6 · Length & perimeter,
G3,80,77,step,20,Q3,2027-02-07,S2,MD,Perimeter of a rectangle,3.MD.D.8,,on-grade,False,,False,,Length and Perimeter,5,18,B6 · Length & perimeter,
G3,81,78,step,20,Q3,2027-02-07,S2,MD,Perimeter of rectilinear shapes,3.MD.D.8,,on-grade,False,,False,,Length and Perimeter,6,18,B6 · Length & perimeter,
G3,82,79,step,20,Q3,2027-02-07,S2,MD,Find missing lengths in rectilinear shapes,3.MD.D.8,,on-grade,False,,False,,Length and Perimeter,7,18,B6 · Length & perimeter,
G3,83,80,step,21,Q3,2027-02-14,S2,MD,Calculate the perimeter of rectilinear shapes,3.MD.D.8,,on-grade,False,,False,,Length and Perimeter,8,19,B6 · Length & perimeter,
G3,84,81,step,21,Q3,2027-02-14,S2,MD,Perimeter of regular polygons,3.MD.D.8,,on-grade,False,,False,,Length and Perimeter,9,19,B6 · Length & perimeter,
G3,85,82,step,21,Q3,2027-02-14,S2,MD,Perimeter of polygons,3.MD.D.8,,on-grade,False,,False,,Length and Perimeter,10,19,B6 · Length & perimeter,
G3,86,83,step,21,Q3,2027-02-14,S2,MD,"Measure and estimate mass and liquid volume (g, kg, ml, l)",3.MD.A.2,,BUILD,False,,True,,CCSS BUILD (from pacing guide),5,19,B6 · Length & perimeter,CCSS BUILD lesson: still to be written.
G3,87,84,step,22,Q3,2027-02-21,S2,MD,Compare amounts of money,2.MD.C.8,,review of earlier grade,False,,False,,Money,3,31,B10 · Money,
G3,88,85,step,22,Q3,2027-02-21,S2,MD,Convert between pounds and pence,2.MD.C.8;4.MD.A.1,,review of earlier grade,False,,False,,Money,1,31,B10 · Money,
G3,89,86,step,22,Q3,2027-02-21,S2,MD,Solve problems with money (US: dollars & cents),2.MD.C.8;4.MD.A.2,,review of earlier grade,False,,False,,Money,5,32,B11 · Time,
G3,90,87,step,22,Q3,2027-02-21,S2,MD,"Years, months, weeks and days",3.MD.A.1,3.MD.A.1,on-grade,False,,False,,Time,2,32,B11 · Time,
G3,91,88,step,22,Q3,2027-02-21,S2,MD,"Pounds, tens, ones and pence (US: dollars & cents)",2.MD.C.8,,review of earlier grade,False,,False,,Money,2,32,B11 · Time,
G3,92,89,step,23,Q3,2027-02-28,S2,MD,"Hours, minutes and seconds",3.MD.A.1,3.MD.A.1,on-grade,False,,False,,Time,1,32,B11 · Time,
G3,93,90,step,23,Q3,2027-02-28,S2,MD,Convert between analogue and digital times,3.MD.A.1,3.MD.A.1,on-grade,False,,False,,Time,3,33,B11 · Time,
G3,94,91,step,23,Q3,2027-02-28,S2,MD,Convert to the 24 hour clock,3.MD.A.1,3.MD.A.1,on-grade,False,,False,,Time,4,33,B11 · Time,
G3,95,92,step,23,Q3,2027-02-28,S2,MD,Convert from the 24 hour clock,3.MD.A.1,3.MD.A.1,on-grade,False,,False,,Time,5,33,B11 · Time,
G3,96,93,step,24,Q3,2027-03-07,S2,MD,Solve problems with time,3.MD.A.1,3.MD.A.1,on-grade,False,,False,,Time,8,33,B11 · Time,
G3,97,94,step,25,Q3,2027-03-14,S2,MD,Interpret charts,3.MD.B.3,3.MD.B.3,on-grade,False,,False,,Statistics,4,36,B13 · Statistics,
G3,98,95,step,25,Q3,2027-03-14,S2,MD,"Comparison, sum and difference",3.MD.B.3,3.MD.B.3,on-grade,False,,False,,Statistics,6,36,B13 · Statistics,
G3,99,96,step,25,Q3,2027-03-14,S2,MD,Draw bar charts,3.MD.B.3,3.MD.B.3,on-grade,False,,False,,Statistics,3,36,B13 · Statistics,
G3,100,97,step,26,Q3,2027-03-21,S2,MD,Draw pictograms,3.MD.B.3,3.MD.B.3,on-grade,False,,False,,Statistics,1,36,B13 · Statistics,
G3,101,98,step,26,Q3,2027-03-21,S2,MD,Interpret pictograms,3.MD.B.3,3.MD.B.3,on-grade,False,,False,,Statistics,2,36,B13 · Statistics,
G3,102,99,step,26,Q3,2027-03-21,S2,MD,Measure to the half and quarter inch,3.MD.B.4,3.MD.B.4,BUILD,False,,True,,Awsaj supplement lessons,1,37,B14 · Position & direction,CCSS BUILD lesson: still to be written.
G3,103,100,step,26,Q3,2027-03-21,S2,MD,Build a line plot from inch measurements,3.MD.B.4,3.MD.B.4,BUILD,False,,True,,Awsaj supplement lessons,2,37,B14 · Position & direction,CCSS BUILD lesson: still to be written.
G3,104,,exam,26,Q3,2027-03-21,S2,MD,DOMAIN EXAM · Measurement & Data,,,EXAM,False,,False,,,,,,
G3,105,101,step,27,Q3,2027-03-28,S2,G,Polygons,3.G.A.1,3.G.A.1,on-grade,False,,False,,Shape,6,19,B6 · Length & perimeter,
G3,106,102,step,27,Q3,2027-03-28,S2,G,Identify angles,3.G.A.1;4.MD.C.5,3.G.A.1,on-grade,False,,False,,Shape,2,34,"B12 · Shape (angles, 2-D, symmetry)",
G3,107,103,step,28,Q4,2027-04-04,S2,G,Compare and order angles,3.G.A.1,3.G.A.1,on-grade,False,,False,,Shape,3,34,"B12 · Shape (angles, 2-D, symmetry)",
G3,108,104,step,28,Q4,2027-04-04,S2,G,Triangles,3.G.A.1,3.G.A.1,on-grade,False,,False,,Shape,4,34,"B12 · Shape (angles, 2-D, symmetry)",
G3,109,105,step,28,Q4,2027-04-04,S2,G,Quadrilaterals,3.G.A.1;5.G.B.3,3.G.A.1,on-grade,False,,False,,Shape,5,35,"B12 · Shape (angles, 2-D, symmetry)",
G3,110,106,step,28,Q4,2027-04-04,S2,G,Lines of symmetry,3.G.A.1;4.G.A.3,3.G.A.1,on-grade,False,,False,,Shape,7,35,"B12 · Shape (angles, 2-D, symmetry)",
G3,111,107,step,28,Q4,2027-04-04,S2,G,Complete a symmetric figure,3.G.A.1;4.G.A.3,3.G.A.1,on-grade,False,,False,,Shape,8,35,"B12 · Shape (angles, 2-D, symmetry)",
G3,112,108,step,29,Q4,2027-04-11,S2,G,Draw 2-D shapes on a grid,3.G.A.1;5.G.A.1,3.G.A.1,on-grade,False,,False,,Position and Direction,2,38,B14 · Position & direction,
G3,113,,exam,29,Q4,2027-04-11,S2,G,DOMAIN EXAM · Geometry,,,EXAM,False,,False,,,,,,
G3,114,,map_window,29,Q4,2027-04-11,S2,,MAP GROWTH WINDOW (spring) · all grade-level domains taught and examined · ENRICHMENT LESSONS FOLLOW,,,MAP,False,,False,,,,,,
G3,115,109,step,29,Q4,2027-04-11,S2,NF,Tenths as fractions,3.NF.A.1,3.NF.A.1,ENRICHMENT · above grade level (Grade 4 standard),True,4,False,,Decimals A,1,26,B8 · Decimals A,
G3,116,110,step,30,Q4,2027-04-18,S2,NF,Tenths as decimals,3.NF.A.1;4.NF.C.6,3.NF.A.1,ENRICHMENT · above grade level (Grade 4 standard),True,4,False,,Decimals A,2,26,B8 · Decimals A,
G3,117,111,step,30,Q4,2027-04-18,S2,NF,Tenths on a place value chart,3.NF.A.1;4.NF.C.6,3.NF.A.1,ENRICHMENT · above grade level (Grade 4 standard),True,4,False,,Decimals A,3,26,B8 · Decimals A,
G3,118,112,step,30,Q4,2027-04-18,S2,NF,Tenths on a number line,3.NF.A.2;4.NF.C.6,3.NF.A.2,ENRICHMENT · above grade level (Grade 4 standard),True,4,False,,Decimals A,4,27,B8 · Decimals A,
G3,119,113,step,31,Q4,2027-04-25,S2,NF,Divide a 1-digit number by 10,4.NF.C.6;5.NBT.A.2,,ENRICHMENT · above grade level (Grade 4 standard),True,4,False,,Decimals A,5,27,B8 · Decimals A,
G3,120,114,step,31,Q4,2027-04-25,S2,NF,Divide a 2-digit number by 10,4.NF.C.6;5.NBT.A.2,,ENRICHMENT · above grade level (Grade 4 standard),True,4,False,,Decimals A,6,27,B8 · Decimals A,
G3,121,115,step,31,Q4,2027-04-25,S2,NF,Hundredths as fractions,3.NF.A.1;4.NF.C.5,3.NF.A.1,ENRICHMENT · above grade level (Grade 4 standard),True,4,False,,Decimals A,7,27,B8 · Decimals A,
G3,122,116,step,31,Q4,2027-04-25,S2,NF,Hundredths as decimals,3.NF.A.1;4.NF.C.6,3.NF.A.1,ENRICHMENT · above grade level (Grade 4 standard),True,4,False,,Decimals A,9,28,B8 · Decimals A,
G3,123,117,step,31,Q4,2027-04-25,S2,NF,Hundredths on a place value chart,3.NF.A.1;4.NF.C.6,3.NF.A.1,ENRICHMENT · above grade level (Grade 4 standard),True,4,False,,Decimals A,10,28,B8 · Decimals A,
G3,124,118,step,32,Q4,2027-05-02,S2,NF,Divide a 1- or 2-digit number by 100,4.NF.C.6;5.NBT.A.2,,ENRICHMENT · above grade level (Grade 4 standard),True,4,False,,Decimals A,11,28,B8 · Decimals A,
G3,125,119,step,32,Q4,2027-05-02,S2,NF,Make a whole with tenths,3.NF.A.1;4.NF.C.6,3.NF.A.1,ENRICHMENT · above grade level (Grade 4 standard),True,4,False,,Decimals B,1,29,B9 · Decimals B,
G3,126,120,step,32,Q4,2027-05-02,S2,NF,Make a whole with hundredths,3.NF.A.1;4.NF.C.6,3.NF.A.1,ENRICHMENT · above grade level (Grade 4 standard),True,4,False,,Decimals B,3,29,B9 · Decimals B,
G3,127,121,step,32,Q4,2027-05-02,S2,NF,Partition decimals,4.NF.C.6;5.NBT.A.3.A,,ENRICHMENT · above grade level (Grade 4 standard),True,4,False,,Decimals B,4,29,B9 · Decimals B,
G3,128,122,step,33,Q4,2027-05-09,S2,NF,Flexibly partition decimals,4.NF.C.6;5.NBT.A.3.A,,ENRICHMENT · above grade level (Grade 4 standard),True,4,False,,Decimals B,5,29,B9 · Decimals B,
G3,129,123,step,33,Q4,2027-05-09,S2,NF,Halves and quarters as decimals,3.NF.A.1;4.NF.C.6,3.NF.A.1,ENRICHMENT · above grade level (Grade 4 standard),True,4,False,,Decimals B,9,29,B9 · Decimals B,
G3,130,124,step,33,Q4,2027-05-09,S2,NF,Compare decimals,4.NF.C.7,,ENRICHMENT · above grade level (Grade 4 standard),True,4,False,,Decimals B,6,29,B9 · Decimals B,
G3,131,125,step,33,Q4,2027-05-09,S2,NF,Order decimals,4.NF.C.7,,ENRICHMENT · above grade level (Grade 4 standard),True,4,False,,Decimals B,7,30,B9 · Decimals B,
G3,132,126,step,34,Q4,2027-05-23,S2,NF,Round to the nearest whole number,4.NF.C.6;5.NBT.A.4,,ENRICHMENT · above grade level (Grade 4 standard),True,4,False,,Decimals B,8,30,B9 · Decimals B,
G3,133,127,step,34,Q4,2027-05-23,S2,NBT,Thousands,4.NBT.A.1;4.NBT.A.2,,ENRICHMENT · above grade level (Grade 4 standard),True,4,False,,Place Value,4,2,"B1 · Place value (to 10,000)",
G3,134,128,step,34,Q4,2027-05-23,S2,NBT,"Represent numbers to 10,000",4.NBT.A.2,,ENRICHMENT · above grade level (Grade 4 standard),True,4,False,,Place Value,6,2,"B1 · Place value (to 10,000)",
G3,135,129,step,34,Q4,2027-05-23,S2,NBT,"Partition numbers to 10,000",4.NBT.A.2,,ENRICHMENT · above grade level (Grade 4 standard),True,4,False,,Place Value,7,2,"B1 · Place value (to 10,000)",
G3,136,130,step,34,Q4,2027-05-23,S2,NBT,"Flexible partitioning of numbers to 10,000",4.NBT.A.2,,ENRICHMENT · above grade level (Grade 4 standard),True,4,False,,Place Value,8,2,"B1 · Place value (to 10,000)",
G3,137,131,step,35,Q4,2027-05-30,S2,NBT,"Compare numbers to 10,000",4.NBT.A.2,,ENRICHMENT · above grade level (Grade 4 standard),True,4,False,,Place Value,12,3,"B1 · Place value (to 10,000)",
G3,138,132,step,35,Q4,2027-05-30,S2,NBT,"Order numbers to 10,000",4.NBT.A.2,,ENRICHMENT · above grade level (Grade 4 standard),True,4,False,,Place Value,13,3,"B1 · Place value (to 10,000)",
G3,139,133,step,35,Q4,2027-05-30,S2,NBT,Divide by 10,4.NBT.A.1;5.NBT.A.2,,ENRICHMENT · above grade level (Grade 4 standard),True,4,False,,Multiplication and Division B,4,12,B5 · Multiplication & division B,
G3,140,134,step,35,Q4,2027-05-30,S2,NBT,Divide by 100,4.NBT.A.1;5.NBT.A.2,,ENRICHMENT · above grade level (Grade 4 standard),True,4,False,,Multiplication and Division B,5,13,B5 · Multiplication & division B,
G3,141,135,step,36,Q4,2027-06-06,S2,NBT,Multiply a 3-digit number by a 1-digit number,4.NBT.B.5,,ENRICHMENT · above grade level (Grade 4 standard),True,4,False,,Multiplication and Division B,11,16,B5 · Multiplication & division B,
G3,142,136,step,36,Q4,2027-06-06,S2,NBT,Divide a 3-digit number by a 1-digit number,4.NBT.B.6,,ENRICHMENT · above grade level (Grade 4 standard),True,4,False,,Multiplication and Division B,6,17,B6 · Length & perimeter,
G3,143,137,step,36,Q4,2027-06-06,S2,MD,Measure in kilometres and metres,4.MD.A.1,,ENRICHMENT · above grade level (Grade 4 standard),True,4,False,,Length and Perimeter,2,17,B6 · Length & perimeter,
G3,144,138,step,36,Q4,2027-06-06,S2,MD,Equivalent lengths (kilometres and metres),4.MD.A.1,,ENRICHMENT · above grade level (Grade 4 standard),True,4,False,,Length and Perimeter,3,18,B6 · Length & perimeter,
G3,145,139,step,37,Q4,2027-06-13,S2,MD,Write money using decimals,4.MD.A.2;4.NF.C.6,,ENRICHMENT · above grade level (Grade 4 standard),True,4,False,,Money,4,31,B10 · Money,
G3,146,140,step,37,Q4,2027-06-13,S2,MD,Understand angles as turns,4.MD.C.5,,ENRICHMENT · above grade level (Grade 4 standard),True,4,False,,Shape,1,34,"B12 · Shape (angles, 2-D, symmetry)",
G3,147,141,step,37,Q4,2027-06-13,S2,G,Interpret line graphs,5.G.A.2,,ENRICHMENT · above grade level (Grade 5 standard),True,5,False,,Statistics,5,36,B13 · Statistics,
G3,148,142,step,37,Q4,2027-06-13,S2,G,Draw line graphs,5.G.A.2,,ENRICHMENT · above grade level (Grade 5 standard),True,5,False,,Statistics,7,36,B13 · Statistics,
G3,149,143,step,37,Q4,2027-06-13,S2,G,Describe position using coordinates,5.G.A.1,,ENRICHMENT · above grade level (Grade 5 standard),True,5,False,,Position and Direction,1,37,B14 · Position & direction,
G3,150,144,step,38,Q4,2027-06-20,S2,G,Plot coordinates,5.G.A.1;5.G.A.2,,ENRICHMENT · above grade level (Grade 5 standard),True,5,False,,Position and Direction,4,37,B14 · Position & direction,
G3,151,145,step,38,Q4,2027-06-20,S2,G,Translate on a grid,5.G.A.1,,ENRICHMENT · above grade level (Grade 5 standard),True,5,False,,Position and Direction,3,38,B14 · Position & direction,
G3,152,146,step,38,Q4,2027-06-20,S2,G,Describe translation on a grid,5.G.A.1,,ENRICHMENT · above grade level (Grade 5 standard),True,5,False,,Position and Direction,5,39,B14 · Position & direction,
G3,153,147,step,38,Q4,2027-06-20,S2,EXT,Negative numbers,6.NS.C.6,,ENRICHMENT · above grade level (Grade 6 standard),True,6,False,,Place Value,20,1,"B1 · Place value (to 10,000)",
G4,1,1,step,1,Q1,2026-09-06,S1,OA,"Roman numerals to 1,000",,,no CCSS code (kept with neighbour),False,,False,,Place Value,1,1,B1 · Place value,
G4,2,2,step,1,Q1,2026-09-06,S1,OA,Find missing numbers,4.OA.A.3,4.OA.A.3,on-grade,False,,False,,Addition and Subtraction,8,6,B3 · Multiplication and division A,
G4,3,3,step,1,Q1,2026-09-06,S1,OA,Multiples,4.OA.B.4,,on-grade,False,,False,,Multiplication and Division A,1,6,B3 · Multiplication and division A,
G4,4,4,step,1,Q1,2026-09-06,S1,OA,Common multiples,4.OA.B.4;6.NS.B.4,,on-grade,False,,False,,Multiplication and Division A,2,6,B3 · Multiplication and division A,
G4,5,5,step,1,Q1,2026-09-06,S1,OA,Factors,4.OA.B.4,,on-grade,False,,False,,Multiplication and Division A,3,7,B3 · Multiplication and division A,
G4,6,6,step,2,Q1,2026-09-13,S1,OA,Common factors,4.OA.B.4;6.NS.B.4,,on-grade,False,,False,,Multiplication and Division A,5,7,B3 · Multiplication and division A,
G4,7,7,step,2,Q1,2026-09-13,S1,OA,Prime numbers,4.OA.B.4,,on-grade,False,,False,,Multiplication and Division A,6,7,B3 · Multiplication and division A,
G4,8,8,step,2,Q1,2026-09-13,S1,OA,"Multiples of 10, 100 and 1,000",4.OA.B.4,,on-grade,False,,False,,Multiplication and Division A,9,8,B3 · Multiplication and division A,
G4,9,9,step,2,Q1,2026-09-13,S1,OA,"Find emergent features (e.g., units digit cycle)",4.OA.C.5,,BUILD,False,,True,,Number and Shape Patterns,2,9,B4 · Fractions A,CCSS BUILD lesson: still to be written.
G4,10,10,step,3,Q1,2026-09-20,S1,OA,Follow a given rule to extend a number pattern,4.OA.C.5,,BUILD,False,,True,,Number and Shape Patterns,1,9,B4 · Fractions A,CCSS BUILD lesson: still to be written.
G4,11,11,step,3,Q1,2026-09-20,S1,OA,Extend growing shape patterns,4.OA.C.5,,BUILD,False,,True,,CCSS BUILD (new: needed for the domain test),0,,,"NEW CCSS BUILD lesson, needed so the Operations & Algebraic Thinking test only asks what has been taught. Still to be made."
G4,12,12,step,3,Q1,2026-09-20,S1,OA,Multiplicative comparison: times as many,4.OA.A.1,4.OA.A.1,BUILD,False,,True,,CCSS BUILD (from pacing guide),3,9,B4 · Fractions A,CCSS BUILD lesson: still to be written.
G4,13,13,step,3,Q1,2026-09-20,S1,OA,Solve problems with multiplication,4.OA.A.3,4.OA.A.3,on-grade,False,,False,,Multiplication and Division B,6,13,B5 · Multiplication and division B,
G4,14,14,step,3,Q1,2026-09-20,S1,OA,Solve problems with multiplication and division,4.OA.A.2;4.OA.A.3,4.OA.A.3,on-grade,False,,False,,Multiplication and Division B,11,17,B6 · Fractions B,
G4,15,15,step,4,Q1,2026-09-27,S1,OA,Multi-step word problems: divide and interpret the remainder,4.OA.A.3;5.NBT.B.6,4.OA.A.3,BUILD,False,,True,,CCSS BUILD (new: needed for the domain test),0,,,"NEW CCSS BUILD lesson, needed so the Operations & Algebraic Thinking test only asks what has been taught. Still to be made."
G4,16,16,step,4,Q1,2026-09-27,S1,OA,Read and interpret tables,4.OA.A.3,4.OA.A.3,on-grade,False,,False,,Statistics,3,26,B9 · Statistics,
G4,17,17,step,4,Q1,2026-09-27,S1,OA,Two-way tables,4.OA.A.3,4.OA.A.3,on-grade,False,,False,,Statistics,4,26,B9 · Statistics,
G4,18,18,step,5,Q1,2026-10-04,S1,OA,Decimal sequences,4.OA.C.5;5.NBT.B.7,,on-grade,False,,False,,Decimals,10,33,B12 · Decimals,
G4,19,,exam,5,Q1,2026-10-04,S1,OA,DOMAIN EXAM · Operations & Algebraic Thinking,,,EXAM,False,,False,,,,,,
G4,20,19,step,5,Q1,2026-10-04,S1,NBT,"Numbers to 10,000",4.NBT.A.2,4.NBT.A.2,on-grade,False,,False,,Place Value,2,1,B1 · Place value,
G4,21,20,step,5,Q1,2026-10-04,S1,NBT,"Numbers to 100,000",4.NBT.A.2,4.NBT.A.2,on-grade,False,,False,,Place Value,3,1,B1 · Place value,
G4,22,21,step,6,Q1,2026-10-11,S1,NBT,"Round to the nearest 10, 100 or 1,000",4.NBT.A.3,4.NBT.A.3,on-grade,False,,False,,Place Value,12,1,B1 · Place value,
G4,23,22,step,6,Q1,2026-10-11,S1,NBT,"Numbers to 1,000,000",4.NBT.A.2,4.NBT.A.2,on-grade,False,,False,,Place Value,4,1,B1 · Place value,
G4,24,23,step,6,Q1,2026-10-11,S1,NBT,"Read and write numbers to 1,000,000",4.NBT.A.2,4.NBT.A.2,on-grade,False,,False,,Place Value,5,2,B1 · Place value,
G4,25,24,step,6,Q1,2026-10-11,S1,NBT,Powers of 10,4.NBT.A.1;5.NBT.A.2,4.NBT.A.1,on-grade,False,,False,,Place Value,6,2,B1 · Place value,
G4,26,25,step,7,Q1,2026-10-18,S1,NBT,"10 / 100 / 1,000 / 10,000 / 100,000 more or less",4.NBT.A.1,4.NBT.A.1,on-grade,False,,False,,Place Value,7,2,B1 · Place value,
G4,27,26,step,7,Q1,2026-10-18,S1,NBT,"Partition numbers to 1,000,000",4.NBT.A.2,4.NBT.A.2,on-grade,False,,False,,Place Value,8,2,B1 · Place value,
G4,28,27,step,7,Q1,2026-10-18,S1,NBT,"Number line to 1,000,000",4.NBT.A.2,4.NBT.A.2,on-grade,False,,False,,Place Value,9,3,B1 · Place value,
G4,29,28,step,7,Q1,2026-10-18,S1,NBT,"Compare and order numbers to 100,000",4.NBT.A.2,4.NBT.A.2,on-grade,False,,False,,Place Value,10,3,B1 · Place value,
G4,30,29,step,7,Q1,2026-10-18,S1,NBT,"Compare and order numbers to 1,000,000",4.NBT.A.2,4.NBT.A.2,on-grade,False,,False,,Place Value,11,3,B1 · Place value,
G4,31,30,step,8,Q2,2026-11-01,S1,NBT,"Round within 100,000",4.NBT.A.3,4.NBT.A.3,on-grade,False,,False,,Place Value,13,3,B1 · Place value,
G4,32,31,step,8,Q2,2026-11-01,S1,NBT,"Round within 1,000,000",4.NBT.A.3,4.NBT.A.3,on-grade,False,,False,,Place Value,14,4,B2 · Addition and subtraction,
G4,33,32,step,8,Q2,2026-11-01,S1,NBT,Mental strategies,4.NBT.B.4,4.NBT.B.4,on-grade,False,,False,,Addition and Subtraction,1,4,B2 · Addition and subtraction,
G4,34,33,step,8,Q2,2026-11-01,S1,NBT,Add whole numbers with more than four digits,4.NBT.B.4,4.NBT.B.4,on-grade,False,,False,,Addition and Subtraction,2,4,B2 · Addition and subtraction,
G4,35,34,step,9,Q2,2026-11-08,S1,NBT,Subtract whole numbers with more than four digits,4.NBT.B.4,4.NBT.B.4,on-grade,False,,False,,Addition and Subtraction,3,4,B2 · Addition and subtraction,
G4,36,35,step,9,Q2,2026-11-08,S1,NBT,Round to check answers,4.NBT.A.3;4.NBT.B.4,4.NBT.A.3;4.NBT.B.4,on-grade,False,,False,,Addition and Subtraction,4,4,B2 · Addition and subtraction,
G4,37,36,step,9,Q2,2026-11-08,S1,NBT,Inverse operations (addition and subtraction),4.NBT.B.4,4.NBT.B.4,on-grade,False,,False,,Addition and Subtraction,5,5,B2 · Addition and subtraction,
G4,38,37,step,9,Q2,2026-11-08,S1,NBT,Multi-step addition and subtraction problems,4.NBT.B.4;4.OA.A.3,4.NBT.B.4;4.OA.A.3,on-grade,False,,False,,Addition and Subtraction,6,5,B2 · Addition and subtraction,
G4,39,38,step,9,Q2,2026-11-08,S1,NBT,Compare calculations,4.NBT.B.4,4.NBT.B.4,on-grade,False,,False,,Addition and Subtraction,7,5,B2 · Addition and subtraction,
G4,40,39,step,10,Q2,2026-11-15,S1,NBT,Place value: 10 times and one tenth of a digit's value,4.NBT.A.1;5.NBT.A.1,4.NBT.A.1,BUILD,False,,True,,CCSS BUILD (new: needed for the domain test),0,,,"NEW CCSS BUILD lesson, needed so the Number & Operations in Base Ten test only asks what has been taught. Still to be made."
G4,41,40,step,10,Q2,2026-11-15,S1,NBT,"Multiply by 10, 100 and 1,000",4.NBT.A.1;5.NBT.A.2,4.NBT.A.1,on-grade,False,,False,,Multiplication and Division A,7,8,B3 · Multiplication and division A,
G4,42,41,step,10,Q2,2026-11-15,S1,NBT,"Divide by 10, 100 and 1,000",4.NBT.A.1;5.NBT.A.2,4.NBT.A.1,on-grade,False,,False,,Multiplication and Division A,8,8,B3 · Multiplication and division A,
G4,43,42,step,10,Q2,2026-11-15,S1,NBT,"Multiply by 10, 100 and 1,000",4.NBT.A.1;5.NBT.A.2,4.NBT.A.1,on-grade,False,,False,,Decimals,1,8,B3 · Multiplication and division A,
G4,44,43,step,11,Q2,2026-11-22,S1,NBT,"Divide by 10, 100 and 1,000",4.NBT.A.1;5.NBT.A.2,4.NBT.A.1,on-grade,False,,False,,Decimals,11,8,B3 · Multiplication and division A,
G4,45,44,step,11,Q2,2026-11-22,S1,NBT,Multiply up to a 4-digit number by a 1-digit number,4.NBT.B.5,4.NBT.B.5,on-grade,False,,False,,Multiplication and Division B,1,12,B5 · Multiplication and division B,
G4,46,45,step,11,Q2,2026-11-22,S1,NBT,Multiply a 2-digit number by a 2-digit number (area model),4.NBT.B.5,4.NBT.B.5,on-grade,False,,False,,Multiplication and Division B,3,12,B5 · Multiplication and division B,
G4,47,46,step,11,Q2,2026-11-22,S1,NBT,Multiply a 2-digit number by a 2-digit number,4.NBT.B.5,4.NBT.B.5,on-grade,False,,False,,Multiplication and Division B,4,13,B5 · Multiplication and division B,
G4,48,47,step,11,Q2,2026-11-22,S1,NBT,Short division,4.NBT.B.6,,on-grade,False,,False,,Multiplication and Division B,7,16,B5 · Multiplication and division B,
G4,49,48,step,12,Q2,2026-11-29,S1,NBT,Divide a 4-digit number by a 1-digit number,4.NBT.B.6,,on-grade,False,,False,,Multiplication and Division B,8,16,B5 · Multiplication and division B,
G4,50,49,step,12,Q2,2026-11-29,S1,NBT,Divide with remainders,4.NBT.B.6,,on-grade,False,,False,,Multiplication and Division B,9,17,B6 · Fractions B,
G4,51,50,step,12,Q2,2026-11-29,S1,NBT,Efficient division,4.NBT.B.6,,on-grade,False,,False,,Multiplication and Division B,10,17,B6 · Fractions B,
G4,52,51,step,12,Q2,2026-11-29,S1,NBT,Thousandths as decimals,4.NBT.A.1;5.NBT.A.3,4.NBT.A.1,on-grade,False,,False,,Decimals and Percentages,6,20,B7 · Decimals and percentages,
G4,53,52,step,13,Q2,2026-12-06,S1,NBT,Thousandths on a place value chart,4.NBT.A.1;5.NBT.A.3,4.NBT.A.1,on-grade,False,,False,,Decimals and Percentages,7,20,B7 · Decimals and percentages,
G4,54,53,step,13,Q2,2026-12-06,S1,NBT,Use known facts to add and subtract decimals within 1,4.NBT.B.4;5.NBT.B.7,4.NBT.B.4,on-grade,False,,False,,Decimals,2,31,B12 · Decimals,
G4,55,54,step,13,Q2,2026-12-06,S1,NBT,Add and subtract decimals across 1,4.NBT.B.4;5.NBT.B.7,4.NBT.B.4,on-grade,False,,False,,Decimals,4,31,B12 · Decimals,
G4,56,55,step,13,Q2,2026-12-06,S1,NBT,Add decimals with the same number of decimal places,4.NBT.B.4;5.NBT.B.7,4.NBT.B.4,on-grade,False,,False,,Decimals,5,31,B12 · Decimals,
G4,57,56,step,14,Q2,2026-12-13,S1,NBT,Subtract decimals with the same number of decimal places,4.NBT.B.4;5.NBT.B.7,4.NBT.B.4,on-grade,False,,False,,Decimals,6,32,B12 · Decimals,
G4,58,57,step,14,Q2,2026-12-13,S1,NBT,Add decimals with different numbers of decimal places,4.NBT.B.4;5.NBT.B.7,4.NBT.B.4,on-grade,False,,False,,Decimals,7,32,B12 · Decimals,
G4,59,58,step,14,Q2,2026-12-13,S1,NBT,Subtract decimals with different numbers of decimal places,4.NBT.B.4;5.NBT.B.7,4.NBT.B.4,on-grade,False,,False,,Decimals,8,33,B12 · Decimals,
G4,60,59,step,14,Q2,2026-12-13,S1,NBT,Efficient strategies for adding and subtracting decimals,4.NBT.B.4;5.NBT.B.7,4.NBT.B.4,on-grade,False,,False,,Decimals,9,33,B12 · Decimals,
G4,61,,exam,14,Q2,2026-12-13,S1,NBT,DOMAIN EXAM · Number & Operations in Base Ten,,,EXAM,False,,False,,,,,,
G4,62,60,step,15,Q3,2027-01-03,S2,NF,Find fractions equivalent to a unit fraction,4.NF.A.1,4.NF.A.1,on-grade,False,,False,,Fractions A,3,9,B4 · Fractions A,
G4,63,61,step,15,Q3,2027-01-03,S2,NF,Find fractions equivalent to a non-unit fraction,4.NF.A.1,4.NF.A.1,on-grade,False,,False,,Fractions A,4,9,B4 · Fractions A,
G4,64,62,step,15,Q3,2027-01-03,S2,NF,Recognise equivalent fractions,4.NF.A.1,4.NF.A.1,on-grade,False,,False,,Fractions A,1,9,B4 · Fractions A,
G4,65,63,step,16,Q3,2027-01-10,S2,NF,Convert improper fractions to mixed numbers,4.NF.B.3,4.NF.B.3,on-grade,False,,False,,Fractions A,5,9,B4 · Fractions A,
G4,66,64,step,16,Q3,2027-01-10,S2,NF,Add two or more fractions,4.NF.B.3,4.NF.B.3,on-grade,False,,False,,Fractions A,14,9,B4 · Fractions A,
G4,67,65,step,16,Q3,2027-01-10,S2,NF,Subtract two mixed numbers,4.NF.B.3,4.NF.B.3,on-grade,False,,False,,Fractions A,18,9,B4 · Fractions A,
G4,68,66,step,16,Q3,2027-01-10,S2,NF,Convert mixed numbers to improper fractions,4.NF.B.3,4.NF.B.3,on-grade,False,,False,,Fractions A,6,10,B4 · Fractions A,
G4,69,67,step,16,Q3,2027-01-10,S2,NF,Compare fractions less than 1,4.NF.A.2,4.NF.A.2,on-grade,False,,False,,Fractions A,7,10,B4 · Fractions A,
G4,70,68,step,17,Q3,2027-01-17,S2,NF,Order fractions less than 1,4.NF.A.2,4.NF.A.2,on-grade,False,,False,,Fractions A,8,10,B4 · Fractions A,
G4,71,69,step,17,Q3,2027-01-17,S2,NF,Compare and order fractions greater than 1,4.NF.A.2,4.NF.A.2,on-grade,False,,False,,Fractions A,9,10,B4 · Fractions A,
G4,72,70,step,17,Q3,2027-01-17,S2,NF,Add and subtract fractions with the same denominator,4.NF.B.3,4.NF.B.3,on-grade,False,,False,,Fractions A,10,10,B4 · Fractions A,
G4,73,71,step,17,Q3,2027-01-17,S2,NF,Add fractions within 1,4.NF.B.3,4.NF.B.3,on-grade,False,,False,,Fractions A,11,11,B4 · Fractions A,
G4,74,72,step,18,Q3,2027-01-24,S2,NF,Add fractions with total greater than 1,4.NF.B.3,4.NF.B.3,on-grade,False,,False,,Fractions A,12,11,B4 · Fractions A,
G4,75,73,step,18,Q3,2027-01-24,S2,NF,Add to a mixed number,4.NF.B.3,4.NF.B.3,on-grade,False,,False,,Fractions A,13,11,B4 · Fractions A,
G4,76,74,step,18,Q3,2027-01-24,S2,NF,Add two mixed numbers,4.NF.B.3,4.NF.B.3,on-grade,False,,False,,Fractions A,16,11,B4 · Fractions A,
G4,77,75,step,18,Q3,2027-01-24,S2,NF,Subtract fractions,4.NF.B.3,4.NF.B.3,on-grade,False,,False,,Fractions A,17,11,B4 · Fractions A,
G4,78,76,step,18,Q3,2027-01-24,S2,NF,Subtract from a mixed number - breaking the whole,4.NF.B.3,4.NF.B.3,on-grade,False,,False,,Fractions A,19,11,B4 · Fractions A,
G4,79,77,step,19,Q3,2027-01-31,S2,NF,Subtract from a mixed number,4.NF.B.3,4.NF.B.3,on-grade,False,,False,,Fractions A,20,12,B5 · Multiplication and division B,
G4,80,78,step,19,Q3,2027-01-31,S2,NF,Multiply a unit fraction by an integer,4.NF.B.4,,on-grade,False,,False,,Fractions B,1,17,B6 · Fractions B,
G4,81,79,step,19,Q3,2027-01-31,S2,NF,Multiply a non-unit fraction by an integer,4.NF.B.4,,on-grade,False,,False,,Fractions B,2,17,B6 · Fractions B,
G4,82,80,step,19,Q3,2027-01-31,S2,NF,Multiply a mixed number by an integer,4.NF.B.4,,on-grade,False,,False,,Fractions B,3,18,B6 · Fractions B,
G4,83,81,step,20,Q3,2027-02-07,S2,NF,Calculate a fraction of a quantity,4.NF.B.4,,on-grade,False,,False,,Fractions B,4,18,B6 · Fractions B,
G4,84,82,step,20,Q3,2027-02-07,S2,NF,Fraction of an amount,4.NF.B.4,,on-grade,False,,False,,Fractions B,5,18,B6 · Fractions B,
G4,85,83,step,20,Q3,2027-02-07,S2,NF,Find the whole,4.NF.B.4,,on-grade,False,,False,,Fractions B,6,18,B6 · Fractions B,
G4,86,84,step,20,Q3,2027-02-07,S2,NF,Use fractions as operators,4.NF.B.4,,on-grade,False,,False,,Fractions B,7,18,B6 · Fractions B,
G4,87,85,step,21,Q3,2027-02-14,S2,NF,Decimals up to 2 decimal places,4.NF.C.6,,on-grade,False,,False,,Decimals and Percentages,1,19,B7 · Decimals and percentages,
G4,88,86,step,21,Q3,2027-02-14,S2,NF,Equivalent fractions and decimals (tenths),4.NF.C.6,,on-grade,False,,False,,Decimals and Percentages,2,19,B7 · Decimals and percentages,
G4,89,87,step,21,Q3,2027-02-14,S2,NF,Equivalent fractions and decimals (hundredths),4.NF.C.6,,on-grade,False,,False,,Decimals and Percentages,3,19,B7 · Decimals and percentages,
G4,90,88,step,21,Q3,2027-02-14,S2,NF,Equivalent fractions and decimals,4.NF.C.6,,on-grade,False,,False,,Decimals and Percentages,4,19,B7 · Decimals and percentages,
G4,91,89,step,22,Q3,2027-02-21,S2,NF,Thousandths as fractions,4.NF.C.6;5.NBT.A.3,,on-grade,False,,False,,Decimals and Percentages,5,19,B7 · Decimals and percentages,
G4,92,90,step,22,Q3,2027-02-21,S2,NF,Order and compare decimals (same number of decimal places),4.NF.C.7;5.NBT.A.3,,on-grade,False,,False,,Decimals and Percentages,8,20,B7 · Decimals and percentages,
G4,93,91,step,22,Q3,2027-02-21,S2,NF,Order and compare any decimals with up to 3 decimal places,4.NF.C.7;5.NBT.A.3,,on-grade,False,,False,,Decimals and Percentages,9,20,B7 · Decimals and percentages,
G4,94,92,step,22,Q3,2027-02-21,S2,NF,Understand percentages,4.NF.C.6;6.RP.A.3,,on-grade,False,,False,,Decimals and Percentages,12,21,B7 · Decimals and percentages,
G4,95,93,step,22,Q3,2027-02-21,S2,NF,Percentages as fractions,4.NF.C.6;6.RP.A.3,,on-grade,False,,False,,Decimals and Percentages,14,21,B7 · Decimals and percentages,
G4,96,94,step,23,Q3,2027-02-28,S2,NF,Percentages as decimals,4.NF.C.6;6.RP.A.3,,on-grade,False,,False,,Decimals and Percentages,13,22,B7 · Decimals and percentages,
G4,97,95,step,23,Q3,2027-02-28,S2,NF,"Equivalent fractions, decimals and percentages",4.NF.C.5;4.NF.C.6;6.RP.A.3,,on-grade,False,,False,,Decimals and Percentages,15,22,B7 · Decimals and percentages,
G4,98,,exam,23,Q3,2027-02-28,S2,NF,DOMAIN EXAM · Number & Operations: Fractions,,,EXAM,False,,False,,,,,,
G4,99,96,step,23,Q3,2027-02-28,S2,G,"Points, lines, line segments and rays",4.G.A.1,4.G.A.1,BUILD,False,,True,,CCSS BUILD (new: needed for the domain test),0,,,"NEW CCSS BUILD lesson, needed so the Geometry test only asks what has been taught. Still to be made."
G4,100,97,step,24,Q3,2027-03-07,S2,G,Classify angles,4.G.A.1,4.G.A.1,on-grade,False,,False,,Shape,4,27,B10 · Shape,
G4,101,98,step,25,Q3,2027-03-14,S2,G,Understand and use degrees,4.MD.C.6,,on-grade,False,,False,,Shape,1,27,B10 · Shape,
G4,102,99,step,25,Q3,2027-03-14,S2,G,Measure angles up to 180°,4.MD.C.6,,on-grade,False,,False,,Shape,6,28,B10 · Shape,
G4,103,100,step,25,Q3,2027-03-14,S2,G,Draw lines and angles accurately,4.G.A.1;4.MD.C.6,4.G.A.1,on-grade,False,,False,,Shape,7,28,B10 · Shape,"Also uses MD, which is now taught later (from W28)."
G4,104,101,step,25,Q3,2027-03-14,S2,G,Parallel and perpendicular,2.G.A.1;4.G.A.1,4.G.A.1,COPIED IN,False,,False,G2,Shape,10,35,,Copied from the Grade 2 (WRM Year 3) guide so this standard is taught in its own grade. Slides and worksheet live in that grade's lesson folder.
G4,105,102,step,26,Q3,2027-03-21,S2,G,Lengths and angles in shapes,4.G.A.2;4.MD.C.7,4.G.A.2,on-grade,False,,False,,Shape,2,29,B11 · Position and direction,"Also uses MD, which is now taught later (from W28)."
G4,106,103,step,26,Q3,2027-03-21,S2,G,Triangles,3.G.A.1,,COPIED IN,False,,False,G3,Shape,4,34,,Copied from the Grade 3 (WRM Year 4) guide so this standard is taught in its own grade. Slides and worksheet live in that grade's lesson folder.
G4,107,104,step,26,Q3,2027-03-21,S2,G,3D shapes,1.G.A.1,,review of earlier grade,False,,False,,Shape,3,29,B11 · Position and direction,
G4,108,105,step,26,Q3,2027-03-21,S2,G,Regular and irregular polygons,4.G.A.2;5.G.B.3,4.G.A.2,on-grade,False,,False,,Shape,8,29,B11 · Position and direction,
G4,109,106,step,27,Q3,2027-03-28,S2,G,Read and plot coordinates,4.G.A.1;5.G.A.1,4.G.A.1,on-grade,False,,False,,Position and Direction,1,29,B11 · Position and direction,
G4,110,107,step,27,Q3,2027-03-28,S2,G,Problem solving with coordinates,4.G.A.1;5.G.A.1,4.G.A.1,on-grade,False,,False,,Position and Direction,2,30,B11 · Position and direction,
G4,111,108,step,27,Q3,2027-03-28,S2,G,Translation,4.G.A.1;5.G.A.1,4.G.A.1,on-grade,False,,False,,Position and Direction,3,30,B11 · Position and direction,
G4,112,109,step,28,Q4,2027-04-04,S2,G,Translation with coordinates,4.G.A.1;5.G.A.1,4.G.A.1,on-grade,False,,False,,Position and Direction,4,30,B11 · Position and direction,
G4,113,110,step,28,Q4,2027-04-04,S2,G,Lines of symmetry,4.G.A.3,,on-grade,False,,False,,Position and Direction,5,30,B11 · Position and direction,
G4,114,111,step,28,Q4,2027-04-04,S2,G,Reflection in horizontal and vertical lines,4.G.A.1;5.G.A.1,4.G.A.1,on-grade,False,,False,,Position and Direction,6,31,B12 · Decimals,
G4,115,,exam,28,Q4,2027-04-04,S2,G,DOMAIN EXAM · Geometry,,,EXAM,False,,False,,,,,,
G4,116,112,step,28,Q4,2027-04-04,S2,MD,Perimeter of rectangles,4.MD.A.3;3.MD.D.8,,on-grade,False,,False,,Perimeter and Area,1,23,B8 · Perimeter and area,
G4,117,113,step,29,Q4,2027-04-11,S2,MD,Perimeter of rectilinear shapes,3.MD.D.8,,review of earlier grade,False,,False,,Perimeter and Area,2,23,B8 · Perimeter and area,
G4,118,114,step,29,Q4,2027-04-11,S2,MD,Perimeter of polygons,3.MD.D.8,,review of earlier grade,False,,False,,Perimeter and Area,3,23,B8 · Perimeter and area,
G4,119,115,step,29,Q4,2027-04-11,S2,MD,Area of rectangles,4.MD.A.3;3.MD.C.7,,on-grade,False,,False,,Perimeter and Area,4,23,B8 · Perimeter and area,
G4,120,116,step,29,Q4,2027-04-11,S2,MD,Area of compound shapes,4.MD.A.3;3.MD.C.7,,on-grade,False,,False,,Perimeter and Area,5,24,B8 · Perimeter and area,
G4,121,117,step,30,Q4,2027-04-18,S2,MD,Estimate area,3.MD.C.6,,review of earlier grade,False,,False,,Perimeter and Area,6,24,B8 · Perimeter and area,
G4,122,118,step,30,Q4,2027-04-18,S2,MD,Read and interpret timetables,4.MD.A.2,4.MD.A.2,on-grade,False,,False,,Statistics,5,26,B9 · Statistics,
G4,123,119,step,30,Q4,2027-04-18,S2,MD,Understand angles as turns,4.MD.C.5,4.MD.C.5,COPIED IN,False,,False,G3,Shape,1,34,,Copied from the Grade 3 (WRM Year 4) guide so this standard is taught in its own grade. Slides and worksheet live in that grade's lesson folder.
G4,124,120,step,30,Q4,2027-04-18,S2,MD,Identify angles,3.G.A.1;4.MD.C.5,4.MD.C.5,COPIED IN,False,,False,G3,Shape,2,34,,Copied from the Grade 3 (WRM Year 4) guide so this standard is taught in its own grade. Slides and worksheet live in that grade's lesson folder.
G4,125,121,step,31,Q4,2027-04-25,S2,MD,Line plots with fractions,4.MD.B.4,,BUILD,False,,True,,Awsaj supplement lessons,1,27,B10 · Shape,CCSS BUILD lesson: still to be written.
G4,126,122,step,31,Q4,2027-04-25,S2,MD,Estimate angles,4.MD.C.6,,on-grade,False,,False,,Shape,5,27,B10 · Shape,
G4,127,123,step,31,Q4,2027-04-25,S2,MD,Calculate angles around a point,4.MD.C.7,,on-grade,False,,False,,Shape,9,28,B10 · Shape,
G4,128,124,step,31,Q4,2027-04-25,S2,MD,Calculate angles on a straight line,4.MD.C.7,,on-grade,False,,False,,Shape,10,29,B11 · Position and direction,
G4,129,125,step,32,Q4,2027-05-02,S2,MD,Kilograms and kilometres,4.MD.A.1,4.MD.A.1,on-grade,False,,False,,Converting Units,1,35,B14 · Converting units,
G4,130,126,step,32,Q4,2027-05-02,S2,MD,Millimetres and millilitres,4.MD.A.1,4.MD.A.1,on-grade,False,,False,,Converting Units,2,35,B14 · Converting units,
G4,131,127,step,32,Q4,2027-05-02,S2,MD,Convert units of length,4.MD.A.1;5.MD.A.1,4.MD.A.1,on-grade,False,,False,,Converting Units,3,35,B14 · Converting units,
G4,132,128,step,32,Q4,2027-05-02,S2,MD,Convert between metric and imperial units,4.MD.A.1,4.MD.A.1,on-grade,False,,False,,Converting Units,6,36,B14 · Converting units,
G4,133,129,step,32,Q4,2027-05-02,S2,MD,Convert units of time,4.MD.A.1,4.MD.A.1,on-grade,False,,False,,Converting Units,7,36,B14 · Converting units,
G4,134,130,step,33,Q4,2027-05-09,S2,MD,"Customary capacity: cups, pints, quarts and gallons",4.MD.A.1,4.MD.A.1,BUILD,False,,True,,CCSS BUILD (from pacing guide),5,37,B15 · Volume,CCSS BUILD lesson: still to be written.
G4,135,131,step,33,Q4,2027-05-09,S2,MD,"Customary length and weight - inches, feet, yards, ounces and pounds",4.MD.A.1,4.MD.A.1,BUILD,False,,True,,CCSS BUILD (from pacing guide),6,37,B15 · Volume,CCSS BUILD lesson: still to be written.
G4,136,132,step,33,Q4,2027-05-09,S2,MD,"Measurement word problems: distance, time, mass, money and capacity",4.MD.A.2,4.MD.A.2,BUILD,False,,True,,CCSS BUILD (from pacing guide),7,37,B15 · Volume,CCSS BUILD lesson: still to be written.
G4,137,133,step,33,Q4,2027-05-09,S2,MD,Calculate with timetables,4.MD.A.2,4.MD.A.2,on-grade,False,,False,,Converting Units,8,37,B15 · Volume,
G4,138,134,step,34,Q4,2027-05-23,S2,MD,Metric measures,4.MD.A.1,4.MD.A.1,on-grade,False,,False,,Converting Units,5,37,B15 · Volume,
G4,139,135,step,34,Q4,2027-05-23,S2,MD,Estimate capacity,3.MD.A.2,,review of earlier grade,False,,False,,Volume,2,39,B15 · Volume,
G4,140,,exam,34,Q4,2027-05-23,S2,MD,DOMAIN EXAM · Measurement & Data,,,EXAM,False,,False,,,,,,
G4,141,,map_window,34,Q4,2027-05-23,S2,,MAP GROWTH WINDOW (spring) · all grade-level domains taught and examined · ENRICHMENT LESSONS FOLLOW,,,MAP,False,,False,,,,,,
G4,142,136,step,34,Q4,2027-05-23,S2,NBT,Multiply a 3-digit number by a 2-digit number,5.NBT.B.5,,ENRICHMENT · above grade level (Grade 5 standard),True,5,False,,Multiplication and Division B,2,13,B5 · Multiplication and division B,
G4,143,137,step,35,Q4,2027-05-30,S2,NBT,Multiply a 4-digit number by a 2-digit number,5.NBT.B.5,,ENRICHMENT · above grade level (Grade 5 standard),True,5,False,,Multiplication and Division B,5,13,B5 · Multiplication and division B,
G4,144,138,step,35,Q4,2027-05-30,S2,NBT,Round to the nearest whole number,5.NBT.A.4,,ENRICHMENT · above grade level (Grade 5 standard),True,5,False,,Decimals and Percentages,10,20,B7 · Decimals and percentages,
G4,145,139,step,35,Q4,2027-05-30,S2,NBT,Round to 1 decimal place,5.NBT.A.4,,ENRICHMENT · above grade level (Grade 5 standard),True,5,False,,Decimals and Percentages,11,21,B7 · Decimals and percentages,
G4,146,140,step,35,Q4,2027-05-30,S2,NBT,Complements to 1,5.NBT.B.7,,ENRICHMENT · above grade level (Grade 5 standard),True,5,False,,Decimals,3,31,B12 · Decimals,
G4,147,141,step,36,Q4,2027-06-06,S2,NBT,Multiply and divide decimals - missing values,5.NBT.A.2,,ENRICHMENT · above grade level (Grade 5 standard),True,5,False,,Decimals,12,34,B13 · Negative numbers,
G4,148,142,step,36,Q4,2027-06-06,S2,G,Draw line graphs,5.G.A.2,,ENRICHMENT · above grade level (Grade 5 standard),True,5,False,,Statistics,2,25,B9 · Statistics,
G4,149,143,step,36,Q4,2027-06-06,S2,G,Read and interpret line graphs,5.G.A.2,,ENRICHMENT · above grade level (Grade 5 standard),True,5,False,,Statistics,1,25,B9 · Statistics,
G4,150,144,step,36,Q4,2027-06-06,S2,MD,Cubic centimetres,5.MD.C.3;5.MD.C.4,,ENRICHMENT · above grade level (Grade 5 standard),True,5,False,,Volume,1,37,B15 · Volume,
G4,151,145,step,36,Q4,2027-06-06,S2,MD,Compare volume,5.MD.C.4,,ENRICHMENT · above grade level (Grade 5 standard),True,5,False,,Volume,4,38,B15 · Volume,
G4,152,146,step,37,Q4,2027-06-13,S2,MD,Estimate volume,5.MD.C.4,,ENRICHMENT · above grade level (Grade 5 standard),True,5,False,,Volume,5,39,B15 · Volume,
G4,153,147,step,37,Q4,2027-06-13,S2,EXT,Negative numbers,6.NS.C.6,,ENRICHMENT · above grade level (Grade 6 standard),True,6,False,,Place Value,15,1,B1 · Place value,
G4,154,148,step,37,Q4,2027-06-13,S2,EXT,Square numbers,6.EE.A.1,,ENRICHMENT · above grade level (Grade 6 standard),True,6,False,,Multiplication and Division A,10,8,B3 · Multiplication and division A,
G4,155,149,step,37,Q4,2027-06-13,S2,EXT,Cube numbers,6.EE.A.1,,ENRICHMENT · above grade level (Grade 6 standard),True,6,False,,Multiplication and Division A,11,8,B3 · Multiplication and division A,
G4,156,150,step,38,Q4,2027-06-20,S2,EXT,Understand negative numbers,6.NS.C.6,,ENRICHMENT · above grade level (Grade 6 standard),True,6,False,,Negative Numbers,1,34,B13 · Negative numbers,
G4,157,151,step,38,Q4,2027-06-20,S2,EXT,Count through zero in 1s,6.NS.C.6,,ENRICHMENT · above grade level (Grade 6 standard),True,6,False,,Negative Numbers,2,34,B13 · Negative numbers,
G4,158,152,step,38,Q4,2027-06-20,S2,EXT,Count through zero in multiples,6.NS.C.6,,ENRICHMENT · above grade level (Grade 6 standard),True,6,False,,Negative Numbers,3,35,B14 · Converting units,
G4,159,153,step,38,Q4,2027-06-20,S2,EXT,Compare and order negative numbers,6.NS.C.7,,ENRICHMENT · above grade level (Grade 6 standard),True,6,False,,Negative Numbers,4,35,B14 · Converting units,
G4,160,154,step,38,Q4,2027-06-20,S2,EXT,Find the difference,6.NS.C.7,,ENRICHMENT · above grade level (Grade 6 standard),True,6,False,,Negative Numbers,5,35,B14 · Converting units,
G5,1,1,step,1,Q1,2026-09-06,S1,NBT,"Numbers to 1,000,000",5.NBT.A.1;4.NBT.A.2,5.NBT.A.1,on-grade,False,,False,,Place Value,1,1,B1 · Place value,
G5,2,2,step,1,Q1,2026-09-06,S1,NBT,"Numbers to 10,000,000",5.NBT.A.1;4.NBT.A.2,5.NBT.A.1,on-grade,False,,False,,Place Value,3,1,B1 · Place value,
G5,3,3,step,1,Q1,2026-09-06,S1,NBT,"Read and write numbers to 10,000,000",5.NBT.A.1;4.NBT.A.2,5.NBT.A.1,on-grade,False,,False,,Place Value,4,1,B1 · Place value,
G5,4,4,step,1,Q1,2026-09-06,S1,NBT,Powers of 10,5.NBT.A.2,5.NBT.A.2,on-grade,False,,False,,Place Value,2,2,B1 · Place value,
G5,5,5,step,2,Q1,2026-09-13,S1,NBT,"Number line to 10,000,000",5.NBT.A.1,5.NBT.A.1,on-grade,False,,False,,Place Value,5,2,B1 · Place value,
G5,6,6,step,2,Q1,2026-09-13,S1,NBT,Compare and order any integers,4.NBT.A.2,,review of earlier grade,False,,False,,Place Value,6,2,B1 · Place value,
G5,7,7,step,2,Q1,2026-09-13,S1,NBT,Round any integer,4.NBT.A.3,,review of earlier grade,False,,False,,Place Value,7,2,B1 · Place value,
G5,8,8,step,2,Q1,2026-09-13,S1,NBT,Add and subtract integers,4.NBT.B.4,,review of earlier grade,False,,False,,Four Operations,2,3,"B2 · Addition, subtraction, multiplication and division",
G5,9,9,step,3,Q1,2026-09-20,S1,NBT,Multiply up to a 4-digit number by a 2-digit number,5.NBT.B.5,5.NBT.B.5,on-grade,False,,False,,Four Operations,23,4,"B2 · Addition, subtraction, multiplication and division",
G5,10,10,step,3,Q1,2026-09-20,S1,NBT,Solve problems with multiplication,5.NBT.B.5;4.OA.A.3,5.NBT.B.5,on-grade,False,,False,,Four Operations,15,5,"B2 · Addition, subtraction, multiplication and division",
G5,11,11,step,3,Q1,2026-09-20,S1,NBT,Short division,5.NBT.B.6,5.NBT.B.6,on-grade,False,,False,,Four Operations,11,5,"B2 · Addition, subtraction, multiplication and division",
G5,12,12,step,3,Q1,2026-09-20,S1,NBT,Division using factors,5.NBT.B.6;3.OA.B.5,5.NBT.B.6,on-grade,False,,False,,Four Operations,12,5,"B2 · Addition, subtraction, multiplication and division",
G5,13,13,step,4,Q1,2026-09-27,S1,NBT,Multiply up to a 4-digit number by a 1-digit number,5.NBT.B.5,5.NBT.B.5,on-grade,False,,False,,Four Operations,8,5,"B2 · Addition, subtraction, multiplication and division",
G5,14,14,step,4,Q1,2026-09-27,S1,NBT,Introduction to long division,5.NBT.B.6,5.NBT.B.6,on-grade,False,,False,,Four Operations,13,6,"B2 · Addition, subtraction, multiplication and division",
G5,15,15,step,4,Q1,2026-09-27,S1,NBT,Long division with remainders,5.NBT.B.6,5.NBT.B.6,on-grade,False,,False,,Four Operations,14,6,"B2 · Addition, subtraction, multiplication and division",
G5,16,16,step,5,Q1,2026-10-04,S1,NBT,Solve problems with division,5.NBT.B.6;4.OA.A.3,5.NBT.B.6,on-grade,False,,False,,Four Operations,24,6,"B2 · Addition, subtraction, multiplication and division",
G5,17,17,step,5,Q1,2026-10-04,S1,NBT,Reason from known facts,5.NBT.B.5;3.OA.B.5,5.NBT.B.5,on-grade,False,,False,,Four Operations,21,8,B3 · Fractions A,
G5,18,18,step,5,Q1,2026-10-04,S1,NBT,Place value within 1,5.NBT.A.1;5.NBT.A.3,5.NBT.A.1;5.NBT.A.3,on-grade,False,,False,,Decimals,1,22,B8 · Decimals,
G5,19,19,step,6,Q1,2026-10-11,S1,NBT,Place value - integers and decimals,5.NBT.A.1;5.NBT.A.3,5.NBT.A.1;5.NBT.A.3,on-grade,False,,False,,Decimals,2,22,B8 · Decimals,
G5,20,20,step,6,Q1,2026-10-11,S1,NBT,Order and compare any decimals with up to 3 decimal places,4.NF.C.7;5.NBT.A.3,5.NBT.A.3,COPIED IN,False,,False,G4,Decimals and Percentages,9,20,,Copied from the Grade 4 (WRM Year 5) guide so this standard is taught in its own grade. Slides and worksheet live in that grade's lesson folder.
G5,21,21,step,6,Q1,2026-10-11,S1,NBT,Round decimals,5.NBT.A.4,,on-grade,False,,False,,Decimals,3,23,B8 · Decimals,
G5,22,22,step,6,Q1,2026-10-11,S1,NBT,Add and subtract decimals,5.NBT.B.7,5.NBT.B.7,on-grade,False,,False,,Decimals,4,23,B8 · Decimals,
G5,23,23,step,7,Q1,2026-10-18,S1,NBT,"Multiply by 10, 100 and 1,000",5.NBT.A.2,5.NBT.A.2,on-grade,False,,False,,Four Operations,5,23,B8 · Decimals,
G5,24,24,step,7,Q1,2026-10-18,S1,NBT,"Multiply by 10, 100 and 1,000",5.NBT.A.2,5.NBT.A.2,on-grade,False,,False,,Decimals,5,23,B8 · Decimals,
G5,25,25,step,7,Q1,2026-10-18,S1,NBT,"Divide by 10, 100 and 1,000",5.NBT.A.2;5.NBT.B.7,5.NBT.A.2;5.NBT.B.7,on-grade,False,,False,,Four Operations,7,24,B8 · Decimals,
G5,26,26,step,7,Q1,2026-10-18,S1,NBT,Multiply decimals by integers,5.NBT.B.7,5.NBT.B.7,on-grade,False,,False,,Decimals,7,24,B8 · Decimals,
G5,27,27,step,8,Q2,2026-11-01,S1,NBT,Multiply decimals by decimals,5.NBT.B.7,5.NBT.B.7,BUILD,False,,True,,CCSS BUILD (new: needed for the domain test),0,,,"NEW CCSS BUILD lesson, needed so the Number & Operations in Base Ten test only asks what has been taught. Still to be made."
G5,28,28,step,8,Q2,2026-11-01,S1,NBT,Divide decimals by integers,5.NBT.B.7,5.NBT.B.7,on-grade,False,,False,,Decimals,8,24,B8 · Decimals,
G5,29,29,step,8,Q2,2026-11-01,S1,NBT,Divide by a decimal,5.NBT.B.7,5.NBT.B.7,BUILD,False,,True,,CCSS BUILD (new: needed for the domain test),0,,,"NEW CCSS BUILD lesson, needed so the Number & Operations in Base Ten test only asks what has been taught. Still to be made."
G5,30,30,step,8,Q2,2026-11-01,S1,NBT,"Divide by 10, 100 and 1,000",5.NBT.A.2;5.NBT.B.7,5.NBT.A.2;5.NBT.B.7,on-grade,False,,False,,Decimals,6,24,B8 · Decimals,
G5,31,31,step,9,Q2,2026-11-08,S1,NBT,Multiply and divide decimals in context,5.NBT.B.7,5.NBT.B.7,on-grade,False,,False,,Decimals,9,25,"B9 · Fractions, decimals and percentages",
G5,32,,exam,9,Q2,2026-11-08,S1,NBT,DOMAIN EXAM · Number & Operations in Base Ten,,,EXAM,False,,False,,,,,,
G5,33,32,step,9,Q2,2026-11-08,S1,OA,Common factors,4.OA.B.4;6.NS.B.4,,review of earlier grade,False,,False,,Four Operations,17,3,"B2 · Addition, subtraction, multiplication and division",
G5,34,33,step,9,Q2,2026-11-08,S1,OA,Factors,4.OA.B.4,,review of earlier grade,False,,False,,Four Operations,10,3,"B2 · Addition, subtraction, multiplication and division",
G5,35,34,step,10,Q2,2026-11-15,S1,OA,Common multiples,4.OA.B.4;6.NS.B.4,,review of earlier grade,False,,False,,Four Operations,18,3,"B2 · Addition, subtraction, multiplication and division",
G5,36,35,step,10,Q2,2026-11-15,S1,OA,Mental calculations and estimation,5.OA.A.2;4.NBT.A.3,5.OA.A.2,on-grade,False,,False,,Four Operations,20,3,"B2 · Addition, subtraction, multiplication and division",
G5,37,36,step,10,Q2,2026-11-15,S1,OA,Rules of divisibility,4.OA.B.4,,review of earlier grade,False,,False,,Four Operations,3,4,"B2 · Addition, subtraction, multiplication and division",
G5,38,37,step,10,Q2,2026-11-15,S1,OA,Primes to 100,4.OA.B.4,,review of earlier grade,False,,False,,Four Operations,4,4,"B2 · Addition, subtraction, multiplication and division",
G5,39,38,step,11,Q2,2026-11-22,S1,OA,Solve multi-step problems,4.OA.A.3,,review of earlier grade,False,,False,,Four Operations,16,7,"B2 · Addition, subtraction, multiplication and division",
G5,40,39,step,11,Q2,2026-11-22,S1,OA,Order of operations,5.OA.A.1,5.OA.A.1,on-grade,False,,False,,Four Operations,19,7,"B2 · Addition, subtraction, multiplication and division",
G5,41,40,step,11,Q2,2026-11-22,S1,OA,Form expressions,6.EE.A.2.A,,on-grade (moved for the domain test),False,,False,,Algebra,8,19,B7 · Algebra,
G5,42,41,step,11,Q2,2026-11-22,S1,OA,1-step function machines,5.OA.A.2,5.OA.A.2,on-grade,False,,False,,Algebra,5,19,B7 · Algebra,
G5,43,42,step,12,Q2,2026-11-29,S1,OA,2-step function machines,5.OA.A.2,5.OA.A.2,on-grade,False,,False,,Algebra,7,19,B7 · Algebra,
G5,44,43,step,12,Q2,2026-11-29,S1,OA,Formulae,5.OA.A.2;6.EE.A.2.C,5.OA.A.2,on-grade,False,,False,,Algebra,10,20,B7 · Algebra,
G5,45,44,step,12,Q2,2026-11-29,S1,OA,Solve 2-step equations,3.OA.D.8,,review of earlier grade,False,,False,,Algebra,6,20,B7 · Algebra,
G5,46,45,step,13,Q2,2026-12-06,S1,OA,Find pairs of values,4.OA.B.4;6.EE.B.6,,review of earlier grade,False,,False,,Algebra,2,21,B7 · Algebra,
G5,47,46,step,13,Q2,2026-12-06,S1,OA,Solve problems with two unknowns,3.OA.D.8,,review of earlier grade,False,,False,,Algebra,4,21,B7 · Algebra,
G5,48,47,step,13,Q2,2026-12-06,S1,OA,The first quadrant,5.G.A.1;5.G.A.2,5.G.A.1;5.G.A.2,on-grade,False,,False,,Position and Direction,1,37,B13 · Position and direction,
G5,49,48,step,13,Q2,2026-12-06,S1,OA,Form ordered pairs from corresponding terms,5.OA.B.3,5.OA.B.3,BUILD,False,,True,,"Two Rules, Two Patterns, Ordered Pairs",2,22,B8 · Decimals,Graphing the pairs needs the coordinate plane (Geometry run). Generate the patterns here; graph them in the Geometry run. CCSS BUILD lesson: still to be written.
G5,50,49,step,14,Q2,2026-12-13,S1,OA,Generate two sequences using two different rules,5.OA.B.3,5.OA.B.3,BUILD,False,,True,,"Two Rules, Two Patterns, Ordered Pairs",1,22,B8 · Decimals,CCSS BUILD lesson: still to be written.
G5,51,,exam,14,Q2,2026-12-13,S1,OA,DOMAIN EXAM · Operations & Algebraic Thinking,,,EXAM,False,,False,,,,,,
G5,52,50,step,14,Q2,2026-12-13,S1,NF,Equivalent fractions and simplifying,4.NF.A.1,,review of earlier grade,False,,False,,Fractions A,1,8,B3 · Fractions A,
G5,53,51,step,14,Q2,2026-12-13,S1,NF,Equivalent fractions on a number line,4.NF.A.1,,review of earlier grade,False,,False,,Fractions A,2,8,B3 · Fractions A,
G5,54,52,step,15,Q3,2027-01-03,S2,NF,Compare and order (denominator),4.NF.A.2,,review of earlier grade,False,,False,,Fractions A,3,8,B3 · Fractions A,
G5,55,53,step,15,Q3,2027-01-03,S2,NF,Compare and order (numerator),4.NF.A.2,,review of earlier grade,False,,False,,Fractions A,4,9,B3 · Fractions A,
G5,56,54,step,15,Q3,2027-01-03,S2,NF,Add and subtract simple fractions,5.NF.A.1,,on-grade,False,,False,,Fractions A,7,9,B3 · Fractions A,
G5,57,55,step,16,Q3,2027-01-10,S2,NF,Add and subtract any two fractions,5.NF.A.1,,on-grade,False,,False,,Fractions A,8,9,B3 · Fractions A,
G5,58,56,step,16,Q3,2027-01-10,S2,NF,Add mixed numbers,5.NF.A.1,,on-grade,False,,False,,Fractions A,5,9,B3 · Fractions A,
G5,59,57,step,16,Q3,2027-01-10,S2,NF,Subtract mixed numbers,5.NF.A.1,,on-grade,False,,False,,Fractions A,6,10,B4 · Fractions B,
G5,60,58,step,16,Q3,2027-01-10,S2,NF,Multi-step problems,5.NF.A.2,,on-grade,False,,False,,Fractions A,9,7,"B2 · Addition, subtraction, multiplication and division",
G5,61,59,step,17,Q3,2027-01-17,S2,NF,Multiplication as scaling,5.NF.B.5;5.NF.B.5.A;5.NF.B.5.B,,BUILD,False,,True,,CCSS BUILD (from pacing guide),1,10,B4 · Fractions B,CCSS BUILD lesson: still to be written.
G5,62,60,step,17,Q3,2027-01-17,S2,NF,Multiply fractions by integers,5.NF.B.4,,on-grade,False,,False,,Fractions B,1,10,B4 · Fractions B,
G5,63,61,step,17,Q3,2027-01-17,S2,NF,Multiply fractions by fractions,5.NF.B.4,,on-grade,False,,False,,Fractions B,2,11,B4 · Fractions B,
G5,64,62,step,17,Q3,2027-01-17,S2,NF,Divide a fraction by an integer,5.NF.B.7,,on-grade,False,,False,,Fractions B,3,11,B4 · Fractions B,
G5,65,63,step,18,Q3,2027-01-24,S2,NF,Divide any fraction by an integer,5.NF.B.7,,on-grade,False,,False,,Fractions B,4,11,B4 · Fractions B,
G5,66,64,step,18,Q3,2027-01-24,S2,NF,Mixed questions with fractions,5.NF.B.6,5.NF.B.6,on-grade,False,,False,,Fractions B,5,11,B4 · Fractions B,
G5,67,65,step,18,Q3,2027-01-24,S2,NF,Fraction of an amount,5.NF.B.4,,on-grade,False,,False,,Fractions B,6,12,B5 · Converting units,
G5,68,66,step,18,Q3,2027-01-24,S2,NF,Fraction of an amount - find the whole,5.NF.B.4,,on-grade,False,,False,,Fractions B,7,12,B5 · Converting units,
G5,69,67,step,19,Q3,2027-01-31,S2,NF,Divide a whole number by a unit fraction,5.NF.B.7;5.NF.B.7.B;5.NF.B.7.C,,BUILD,False,,True,,CCSS BUILD (from pacing guide),2,12,B5 · Converting units,CCSS BUILD lesson: still to be written.
G5,70,68,step,19,Q3,2027-01-31,S2,NF,Add or multiply?,5.NF.B.5;4.OA.A.2,,on-grade,False,,False,,Ratio,1,16,B6 · Ratio,
G5,71,69,step,19,Q3,2027-01-31,S2,NF,Use scale factors,5.NF.B.5;6.RP.A.3,,on-grade,False,,False,,Ratio,6,17,B6 · Ratio,
G5,72,70,step,20,Q3,2027-02-07,S2,NF,Decimal and fraction equivalents,5.NF.B.3;4.NF.C.6,5.NF.B.3,on-grade,False,,False,,"Fractions, Decimals and Percentages",1,26,"B9 · Fractions, decimals and percentages",
G5,73,71,step,20,Q3,2027-02-07,S2,NF,Fractions as division,5.NF.B.3,5.NF.B.3,on-grade,False,,False,,"Fractions, Decimals and Percentages",2,26,"B9 · Fractions, decimals and percentages",
G5,74,72,step,20,Q3,2027-02-07,S2,NF,"Equivalent fractions, decimals and percentages",4.NF.C.6;6.RP.A.3,,review of earlier grade,False,,False,,"Fractions, Decimals and Percentages",5,27,"B9 · Fractions, decimals and percentages",
G5,75,73,step,20,Q3,2027-02-07,S2,NF,"Order fractions, decimals and percentages",4.NF.A.2;6.RP.A.3,,review of earlier grade,False,,False,,"Fractions, Decimals and Percentages",6,27,"B9 · Fractions, decimals and percentages",
G5,76,,exam,21,Q3,2027-02-14,S2,NF,DOMAIN EXAM · Number & Operations: Fractions,,,EXAM,False,,False,,,,,,
G5,77,74,step,21,Q3,2027-02-14,S2,MD,Metric measures,5.MD.A.1,5.MD.A.1,on-grade,False,,False,,Converting Units,2,12,B5 · Converting units,
G5,78,75,step,21,Q3,2027-02-14,S2,MD,Convert metric measures,5.MD.A.1;4.MD.A.1,5.MD.A.1,on-grade,False,,False,,Converting Units,1,12,B5 · Converting units,
G5,79,76,step,21,Q3,2027-02-14,S2,MD,Calculate with metric measures,5.MD.A.1,5.MD.A.1,on-grade,False,,False,,Converting Units,3,13,B5 · Converting units,
G5,80,77,step,22,Q3,2027-02-21,S2,MD,Miles and kilometres,5.MD.A.1,5.MD.A.1,on-grade,False,,False,,Converting Units,4,13,B5 · Converting units,
G5,81,78,step,22,Q3,2027-02-21,S2,MD,Imperial measures,5.MD.A.1,5.MD.A.1,on-grade,False,,False,,Converting Units,5,16,B6 · Ratio,
G5,82,79,step,22,Q3,2027-02-21,S2,MD,Shapes - same area,3.MD.D.8,,review of earlier grade,False,,False,,"Area, Perimeter and Volume",6,28,"B10 · Area, perimeter and volume",
G5,83,80,step,23,Q3,2027-02-28,S2,MD,Area and perimeter,3.MD.D.8;4.MD.A.3,,review of earlier grade,False,,False,,"Area, Perimeter and Volume",1,28,"B10 · Area, perimeter and volume",
G5,84,81,step,23,Q3,2027-02-28,S2,MD,Area of a triangle (counting squares),3.MD.C.6,,review of earlier grade,False,,False,,"Area, Perimeter and Volume",2,28,"B10 · Area, perimeter and volume",
G5,85,82,step,23,Q3,2027-02-28,S2,MD,Area of a right-angled triangle,3.MD.C.7,,review of earlier grade,False,,False,,"Area, Perimeter and Volume",3,29,"B10 · Area, perimeter and volume",
G5,86,83,step,23,Q3,2027-02-28,S2,MD,Area of any triangle,3.MD.C.7,,review of earlier grade,False,,False,,"Area, Perimeter and Volume",4,29,"B10 · Area, perimeter and volume",
G5,87,84,step,24,Q3,2027-03-07,S2,MD,Area of a parallelogram,3.MD.C.7,,review of earlier grade,False,,False,,"Area, Perimeter and Volume",5,29,"B10 · Area, perimeter and volume",
G5,88,85,step,25,Q3,2027-03-14,S2,MD,Cubic centimetres,5.MD.C.3;5.MD.C.4,,COPIED IN,False,,False,G4,Volume,1,37,,Copied from the Grade 4 (WRM Year 5) guide so this standard is taught in its own grade. Slides and worksheet live in that grade's lesson folder.
G5,89,86,step,25,Q3,2027-03-14,S2,MD,Volume - counting cubes,5.MD.C.4,,on-grade,False,,False,,"Area, Perimeter and Volume",7,30,"B10 · Area, perimeter and volume",
G5,90,87,step,25,Q3,2027-03-14,S2,MD,Volume of a cuboid,5.MD.C.5,5.MD.C.5,on-grade,False,,False,,"Area, Perimeter and Volume",8,30,"B10 · Area, perimeter and volume",
G5,91,88,step,26,Q3,2027-03-21,S2,MD,Volume of composite solids,5.MD.C.5;5.MD.C.5.C,5.MD.C.5,BUILD,False,,True,,CCSS BUILD (from pacing guide),5,31,B11 · Statistics,CCSS BUILD lesson: still to be written.
G5,92,89,step,26,Q3,2027-03-21,S2,MD,Dual bar charts,3.MD.B.3,,review of earlier grade,False,,False,,Statistics,1,31,B11 · Statistics,
G5,93,90,step,26,Q3,2027-03-21,S2,MD,Draw pie charts,4.MD.C.6;6.RP.A.3,,review of earlier grade,False,,False,,Statistics,6,32,B11 · Statistics,
G5,94,91,step,26,Q3,2027-03-21,S2,MD,The mean,5.MD.B.2,,on-grade,False,,False,,Statistics,3,32,B11 · Statistics,
G5,95,92,step,27,Q3,2027-03-28,S2,MD,Fraction line plots,5.MD.B.2,,BUILD,False,,True,,Awsaj supplement lessons,1,33,B12 · Shape,CCSS BUILD lesson: still to be written.
G5,96,93,step,27,Q3,2027-03-28,S2,MD,Measure and classify angles,4.MD.C.5;4.MD.C.6,,review of earlier grade,False,,False,,Shape,2,33,B12 · Shape,
G5,97,94,step,27,Q3,2027-03-28,S2,MD,Angles in polygons,4.MD.C.7,,review of earlier grade,False,,False,,Shape,9,33,B12 · Shape,
G5,98,95,step,28,Q4,2027-04-04,S2,MD,Calculate angles,4.MD.C.7,,review of earlier grade,False,,False,,Shape,3,34,B12 · Shape,
G5,99,96,step,28,Q4,2027-04-04,S2,MD,Vertically opposite angles,4.MD.C.7,,review of earlier grade,False,,False,,Shape,4,34,B12 · Shape,
G5,100,97,step,28,Q4,2027-04-04,S2,MD,Angles in a triangle,4.MD.C.7,,review of earlier grade,False,,False,,Shape,5,34,B12 · Shape,
G5,101,98,step,28,Q4,2027-04-04,S2,MD,Angles in a triangle - missing angles,4.MD.C.7,,review of earlier grade,False,,False,,Shape,6,35,B12 · Shape,
G5,102,99,step,29,Q4,2027-04-11,S2,MD,Angles in quadrilaterals,4.MD.C.7,,review of earlier grade,False,,False,,Shape,1,35,B12 · Shape,
G5,103,100,step,29,Q4,2027-04-11,S2,MD,Circles,,,no CCSS code (kept with neighbour),False,,False,,Shape,8,36,B12 · Shape,
G5,104,,exam,29,Q4,2027-04-11,S2,MD,DOMAIN EXAM · Measurement & Data,,,EXAM,False,,False,,,,,,
G5,105,101,step,30,Q4,2027-04-18,S2,G,Line graphs,5.G.A.2,5.G.A.2,on-grade,False,,False,,Statistics,4,31,B11 · Statistics,"Plotting points uses the coordinate plane; fine if taught as reading graphs, revisit after Geometry."
G5,106,102,step,30,Q4,2027-04-18,S2,G,Angles in a triangle - special cases,4.G.A.2;4.MD.C.7,,review of earlier grade,False,,False,,Shape,7,35,B12 · Shape,
G5,107,103,step,30,Q4,2027-04-18,S2,G,Draw shapes accurately,4.G.A.1;4.MD.C.6,,review of earlier grade,False,,False,,Shape,10,36,B12 · Shape,
G5,108,104,step,30,Q4,2027-04-18,S2,G,Classify two-dimensional figures in a hierarchy,5.G.B.3;5.G.B.4,5.G.B.4,BUILD,False,,True,,CCSS BUILD (from pacing guide),7,37,B13 · Position and direction,CCSS BUILD lesson: still to be written.
G5,109,105,step,31,Q4,2027-04-25,S2,G,Read and plot points in four quadrants,5.G.A.1,5.G.A.1,on-grade,False,,False,,Position and Direction,2,37,B13 · Position and direction,"Needs negative numbers, now in the end-of-year extension block. Teach the first quadrant only here (that is all 5.G.A.1 asks)."
G5,110,106,step,31,Q4,2027-04-25,S2,G,Solve problems with coordinates,5.G.A.2,5.G.A.2,on-grade,False,,False,,Position and Direction,3,39,B14 · Projects & Taskmaster,
G5,111,107,step,31,Q4,2027-04-25,S2,G,Translations,5.G.A.1,5.G.A.1,on-grade,False,,False,,Position and Direction,4,39,B14 · Projects & Taskmaster,
G5,112,108,step,31,Q4,2027-04-25,S2,G,Reflections,5.G.A.1,5.G.A.1,on-grade,False,,False,,Position and Direction,5,39,B14 · Projects & Taskmaster,
G5,113,,exam,32,Q4,2027-05-02,S2,G,DOMAIN EXAM · Geometry,,,EXAM,False,,False,,,,,,
G5,114,,map_window,32,Q4,2027-05-02,S2,,MAP GROWTH WINDOW (spring) · all grade-level domains taught and examined · ENRICHMENT LESSONS FOLLOW,,,MAP,False,,False,,,,,,
G5,115,109,step,32,Q4,2027-05-02,S2,G,Nets of 3D shapes,6.G.A.4,,ENRICHMENT · above grade level (Grade 6 standard),True,6,False,,Shape,11,36,B12 · Shape,
G5,116,110,step,33,Q4,2027-05-09,S2,EXT,Negative numbers,6.NS.C.6;6.NS.C.7,,ENRICHMENT · above grade level (Grade 6 standard),True,6,False,,Place Value,8,3,"B2 · Addition, subtraction, multiplication and division",
G5,117,111,step,33,Q4,2027-05-09,S2,EXT,Square and cube numbers,6.EE.A.1,,ENRICHMENT · above grade level (Grade 6 standard),True,6,False,,Four Operations,22,4,"B2 · Addition, subtraction, multiplication and division",
G5,118,112,step,33,Q4,2027-05-09,S2,EXT,Use ratio language,6.RP.A.1,,ENRICHMENT · above grade level (Grade 6 standard),True,6,False,,Ratio,2,16,B6 · Ratio,
G5,119,113,step,33,Q4,2027-05-09,S2,EXT,Introduction to the ratio symbol,6.RP.A.1,,ENRICHMENT · above grade level (Grade 6 standard),True,6,False,,Ratio,3,17,B6 · Ratio,
G5,120,114,step,34,Q4,2027-05-23,S2,EXT,Ratio and fractions,6.RP.A.1,,ENRICHMENT · above grade level (Grade 6 standard),True,6,False,,Ratio,4,17,B6 · Ratio,
G5,121,115,step,34,Q4,2027-05-23,S2,EXT,Scale drawing,6.RP.A.3,,ENRICHMENT · above grade level (Grade 6 standard),True,6,False,,Ratio,5,17,B6 · Ratio,
G5,122,116,step,34,Q4,2027-05-23,S2,EXT,Similar shapes,6.RP.A.3,,ENRICHMENT · above grade level (Grade 6 standard),True,6,False,,Ratio,7,18,B6 · Ratio,
G5,123,117,step,34,Q4,2027-05-23,S2,EXT,Ratio problems,6.RP.A.3,,ENRICHMENT · above grade level (Grade 6 standard),True,6,False,,Ratio,8,18,B6 · Ratio,
G5,124,118,step,35,Q4,2027-05-30,S2,EXT,Proportion problems,6.RP.A.3,,ENRICHMENT · above grade level (Grade 6 standard),True,6,False,,Ratio,9,18,B6 · Ratio,
G5,125,119,step,35,Q4,2027-05-30,S2,EXT,Recipes,6.RP.A.3,,ENRICHMENT · above grade level (Grade 6 standard),True,6,False,,Ratio,10,18,B6 · Ratio,
G5,126,120,step,35,Q4,2027-05-30,S2,EXT,Substitution,6.EE.A.2.C,,ENRICHMENT · above grade level (Grade 6 standard),True,6,False,,Algebra,9,19,B7 · Algebra,
G5,127,121,step,35,Q4,2027-05-30,S2,EXT,Form equations,6.EE.B.6;6.EE.B.7,,ENRICHMENT · above grade level (Grade 6 standard),True,6,False,,Algebra,11,20,B7 · Algebra,
G5,128,122,step,36,Q4,2027-06-06,S2,EXT,Solve 1-step equations,6.EE.B.7,,ENRICHMENT · above grade level (Grade 6 standard),True,6,False,,Algebra,1,20,B7 · Algebra,
G5,129,123,step,36,Q4,2027-06-06,S2,EXT,Percentage of an amount – one step,6.RP.A.3,,ENRICHMENT · above grade level (Grade 6 standard),True,6,False,,"Fractions, Decimals and Percentages",7,25,"B9 · Fractions, decimals and percentages",
G5,130,124,step,36,Q4,2027-06-06,S2,EXT,Percentage of an amount – multi-step,6.RP.A.3,,ENRICHMENT · above grade level (Grade 6 standard),True,6,False,,"Fractions, Decimals and Percentages",8,25,"B9 · Fractions, decimals and percentages",
G5,131,125,step,36,Q4,2027-06-06,S2,EXT,Understand percentages,6.RP.A.3,,ENRICHMENT · above grade level (Grade 6 standard),True,6,False,,"Fractions, Decimals and Percentages",3,26,"B9 · Fractions, decimals and percentages",
G5,132,126,step,37,Q4,2027-06-13,S2,EXT,Fractions to percentages,6.RP.A.3,,ENRICHMENT · above grade level (Grade 6 standard),True,6,False,,"Fractions, Decimals and Percentages",4,27,"B9 · Fractions, decimals and percentages",
G5,133,127,step,37,Q4,2027-06-13,S2,EXT,Percentages - missing values,6.RP.A.3,,ENRICHMENT · above grade level (Grade 6 standard),True,6,False,,"Fractions, Decimals and Percentages",9,28,"B10 · Area, perimeter and volume",
G5,134,128,step,37,Q4,2027-06-13,S2,EXT,Read and interpret pie charts,6.RP.A.3,,ENRICHMENT · above grade level (Grade 6 standard),True,6,False,,Statistics,2,32,B11 · Statistics,
G5,135,129,step,37,Q4,2027-06-13,S2,EXT,Pie charts with percentages,6.RP.A.3,,ENRICHMENT · above grade level (Grade 6 standard),True,6,False,,Statistics,5,32,B11 · Statistics,
G5,136,130,step,38,Q4,2027-06-20,S2,EXT,Consolidation of arithmetic,5.OA.A.1,5.OA.A.1,ENRICHMENT · end-of-year projects,True,,False,,"Themed Projects, Consolidation and Problem Solving",2,38,B14 · Projects & Taskmaster,
G5,137,131,step,38,Q4,2027-06-20,S2,EXT,Problem solving across strands,5.OA.A.1,5.OA.A.1,ENRICHMENT · end-of-year projects,True,,False,,"Themed Projects, Consolidation and Problem Solving",3,38,B14 · Projects & Taskmaster,
G5,138,132,step,38,Q4,2027-06-20,S2,EXT,End-of-year investigation projects,5.OA.A.1,5.OA.A.1,ENRICHMENT · end-of-year projects,True,,False,,"Themed Projects, Consolidation and Problem Solving",1,39,B14 · Projects & Taskmaster,
G5,139,133,step,38,Q4,2027-06-20,S2,EXT,Reasoning tasks,5.OA.A.1,5.OA.A.1,ENRICHMENT · end-of-year projects,True,,False,,"Themed Projects, Consolidation and Problem Solving",4,39,B14 · Projects & Taskmaster,
